file,relative_path,result
960521-1_1_true-valid-memsafety.c,TPDB_Y2024_filtered_VBS/SV-COMP_Mixed_Categories/960521-1_1_true-valid-memsafety.c,YES
Addition01_true-unreach-call_true-termination.c,TPDB_Y2024_filtered_VBS/SV-COMP_Mixed_Categories/Addition01_true-unreach-call_true-termination.c,YES
afterrec_2calls_false-unreach-call.c,TPDB_Y2024_filtered_VBS/SV-COMP_Mixed_Categories/afterrec_2calls_false-unreach-call.c,YES
BallRajamani-SPIN2000-Fig1_false-unreach-call.c,TPDB_Y2024_filtered_VBS/SV-COMP_Mixed_Categories/BallRajamani-SPIN2000-Fig1_false-unreach-call.c,YES
bist_cell_true-unreach-call_false-termination.cil.c,TPDB_Y2024_filtered_VBS/SV-COMP_Mixed_Categories/bist_cell_true-unreach-call_false-termination.cil.c,NO
bubble_sort_linux_true-unreach-call.c,TPDB_Y2024_filtered_VBS/SV-COMP_Mixed_Categories/bubble_sort_linux_true-unreach-call.c,MAYBE
cdaudio_simpl1_false-unreach-call_true-termination.cil.c,TPDB_Y2024_filtered_VBS/SV-COMP_Mixed_Categories/cdaudio_simpl1_false-unreach-call_true-termination.cil.c,YES
cs_dekker_true-unreach-call.c,TPDB_Y2024_filtered_VBS/SV-COMP_Mixed_Categories/cs_dekker_true-unreach-call.c,MAYBE
cs_fib_longer_true-unreach-call.c,TPDB_Y2024_filtered_VBS/SV-COMP_Mixed_Categories/cs_fib_longer_true-unreach-call.c,MAYBE
cs_lamport_true-unreach-call.c,TPDB_Y2024_filtered_VBS/SV-COMP_Mixed_Categories/cs_lamport_true-unreach-call.c,MAYBE
cs_peterson_true-unreach-call.c,TPDB_Y2024_filtered_VBS/SV-COMP_Mixed_Categories/cs_peterson_true-unreach-call.c,MAYBE
cs_stateful_false-unreach-call.c,TPDB_Y2024_filtered_VBS/SV-COMP_Mixed_Categories/cs_stateful_false-unreach-call.c,MAYBE
cs_szymanski_true-unreach-call.c,TPDB_Y2024_filtered_VBS/SV-COMP_Mixed_Categories/cs_szymanski_true-unreach-call.c,MAYBE
cs_time_var_mutex_true-unreach-call.c,TPDB_Y2024_filtered_VBS/SV-COMP_Mixed_Categories/cs_time_var_mutex_true-unreach-call.c,MAYBE
data_structures_set_multi_proc_false-unreach-call_ground.c,TPDB_Y2024_filtered_VBS/SV-COMP_Mixed_Categories/data_structures_set_multi_proc_false-unreach-call_ground.c,YES
diskperf_simpl1_true-unreach-call_true-termination.cil.c,TPDB_Y2024_filtered_VBS/SV-COMP_Mixed_Categories/diskperf_simpl1_true-unreach-call_true-termination.cil.c,YES
dll_extends_pointer_true-valid-memsafety.c,TPDB_Y2024_filtered_VBS/SV-COMP_Mixed_Categories/dll_extends_pointer_true-valid-memsafety.c,MAYBE
dll_of_dll_true-unreach-call.c,TPDB_Y2024_filtered_VBS/SV-COMP_Mixed_Categories/dll_of_dll_true-unreach-call.c,MAYBE
elevator_spec1_product01_true-unreach-call.cil.c,TPDB_Y2024_filtered_VBS/SV-COMP_Mixed_Categories/elevator_spec1_product01_true-unreach-call.cil.c,MAYBE
email_spec0_product05_true-unreach-call.cil.c,TPDB_Y2024_filtered_VBS/SV-COMP_Mixed_Categories/email_spec0_product05_true-unreach-call.cil.c,YES
EvenOdd01_true-unreach-call_true-termination.c,TPDB_Y2024_filtered_VBS/SV-COMP_Mixed_Categories/EvenOdd01_true-unreach-call_true-termination.c,YES
Fibonacci01_true-unreach-call.c,TPDB_Y2024_filtered_VBS/SV-COMP_Mixed_Categories/Fibonacci01_true-unreach-call.c,YES
fibo_2calls_2_false-unreach-call.c,TPDB_Y2024_filtered_VBS/SV-COMP_Mixed_Categories/fibo_2calls_2_false-unreach-call.c,YES
fibo_5_false-unreach-call.c,TPDB_Y2024_filtered_VBS/SV-COMP_Mixed_Categories/fibo_5_false-unreach-call.c,YES
floppy_simpl3_false-unreach-call_true-termination.cil.c,TPDB_Y2024_filtered_VBS/SV-COMP_Mixed_Categories/floppy_simpl3_false-unreach-call_true-termination.cil.c,YES
gcd01_true-unreach-call_true-termination.c,TPDB_Y2024_filtered_VBS/SV-COMP_Mixed_Categories/gcd01_true-unreach-call_true-termination.c,YES
id2_b2_o3_true-unreach-call.c,TPDB_Y2024_filtered_VBS/SV-COMP_Mixed_Categories/id2_b2_o3_true-unreach-call.c,NO
id_i10_o10_false-unreach-call.c,TPDB_Y2024_filtered_VBS/SV-COMP_Mixed_Categories/id_i10_o10_false-unreach-call.c,YES
kbfiltr_simpl1_true-unreach-call_true-termination.cil.c,TPDB_Y2024_filtered_VBS/SV-COMP_Mixed_Categories/kbfiltr_simpl1_true-unreach-call_true-termination.cil.c,YES
list-ext_1_true-valid-memsafety.c,TPDB_Y2024_filtered_VBS/SV-COMP_Mixed_Categories/list-ext_1_true-valid-memsafety.c,MAYBE
list_true-unreach-call.c,TPDB_Y2024_filtered_VBS/SV-COMP_Mixed_Categories/list_true-unreach-call.c,MAYBE
lockfree-3.0_true-valid-memsafety.c,TPDB_Y2024_filtered_VBS/SV-COMP_Mixed_Categories/lockfree-3.0_true-valid-memsafety.c,MAYBE
McCarthy91_false-unreach-call_false-termination.c,TPDB_Y2024_filtered_VBS/SV-COMP_Mixed_Categories/McCarthy91_false-unreach-call_false-termination.c,YES
mem_slave_tlm.1_true-unreach-call_false-termination.cil.c,TPDB_Y2024_filtered_VBS/SV-COMP_Mixed_Categories/mem_slave_tlm.1_true-unreach-call_false-termination.cil.c,NO
merge_sort_true-unreach-call.c,TPDB_Y2024_filtered_VBS/SV-COMP_Mixed_Categories/merge_sort_true-unreach-call.c,MAYBE
minepump_spec1_product01_true-unreach-call.cil.c,TPDB_Y2024_filtered_VBS/SV-COMP_Mixed_Categories/minepump_spec1_product01_true-unreach-call.cil.c,NO
pals_floodmax.3_false-unreach-call.1.ufo.BOUNDED-6.pals.c,TPDB_Y2024_filtered_VBS/SV-COMP_Mixed_Categories/pals_floodmax.3_false-unreach-call.1.ufo.BOUNDED-6.pals.c,NO
pals_floodmax.5_false-unreach-call.1.ufo.BOUNDED-10.pals.c,TPDB_Y2024_filtered_VBS/SV-COMP_Mixed_Categories/pals_floodmax.5_false-unreach-call.1.ufo.BOUNDED-10.pals.c,MAYBE
pals_lcr-var-start-time.3_false-unreach-call.1.ufo.BOUNDED-6.pals.c,TPDB_Y2024_filtered_VBS/SV-COMP_Mixed_Categories/pals_lcr-var-start-time.3_false-unreach-call.1.ufo.BOUNDED-6.pals.c,NO
pals_lcr-var-start-time.6_false-unreach-call.1.ufo.BOUNDED-12.pals.c,TPDB_Y2024_filtered_VBS/SV-COMP_Mixed_Categories/pals_lcr-var-start-time.6_false-unreach-call.1.ufo.BOUNDED-12.pals.c,NO
pals_lcr.3_false-unreach-call.1.ufo.BOUNDED-6.pals.c,TPDB_Y2024_filtered_VBS/SV-COMP_Mixed_Categories/pals_lcr.3_false-unreach-call.1.ufo.BOUNDED-6.pals.c,NO
pals_lcr.8_false-unreach-call.1.ufo.BOUNDED-16.pals.c,TPDB_Y2024_filtered_VBS/SV-COMP_Mixed_Categories/pals_lcr.8_false-unreach-call.1.ufo.BOUNDED-16.pals.c,NO
pals_opt-floodmax.3_false-unreach-call.1.ufo.BOUNDED-6.pals.c,TPDB_Y2024_filtered_VBS/SV-COMP_Mixed_Categories/pals_opt-floodmax.3_false-unreach-call.1.ufo.BOUNDED-6.pals.c,NO
pals_opt-floodmax.5_false-unreach-call.1.ufo.BOUNDED-10.pals.c,TPDB_Y2024_filtered_VBS/SV-COMP_Mixed_Categories/pals_opt-floodmax.5_false-unreach-call.1.ufo.BOUNDED-10.pals.c,MAYBE
pals_STARTPALS_ActiveStandby_false-unreach-call.1.ufo.BOUNDED-10.pals.c,TPDB_Y2024_filtered_VBS/SV-COMP_Mixed_Categories/pals_STARTPALS_ActiveStandby_false-unreach-call.1.ufo.BOUNDED-10.pals.c,NO
pals_STARTPALS_Triplicated_false-unreach-call.1.ufo.BOUNDED-10.pals.c,TPDB_Y2024_filtered_VBS/SV-COMP_Mixed_Categories/pals_STARTPALS_Triplicated_false-unreach-call.1.ufo.BOUNDED-10.pals.c,NO
pc_sfifo_1_false-unreach-call_false-termination.cil.c,TPDB_Y2024_filtered_VBS/SV-COMP_Mixed_Categories/pc_sfifo_1_false-unreach-call_false-termination.cil.c,NO
Primes_true-unreach-call.c,TPDB_Y2024_filtered_VBS/SV-COMP_Mixed_Categories/Primes_true-unreach-call.c,NO
Problem01_label00_true-unreach-call.c,TPDB_Y2024_filtered_VBS/SV-COMP_Mixed_Categories/Problem01_label00_true-unreach-call.c,MAYBE
Problem02_label00_true-unreach-call.c,TPDB_Y2024_filtered_VBS/SV-COMP_Mixed_Categories/Problem02_label00_true-unreach-call.c,NO
Problem03_label00_true-unreach-call.c,TPDB_Y2024_filtered_VBS/SV-COMP_Mixed_Categories/Problem03_label00_true-unreach-call.c,MAYBE
Problem04_label00_true-unreach-call.c,TPDB_Y2024_filtered_VBS/SV-COMP_Mixed_Categories/Problem04_label00_true-unreach-call.c,MAYBE
Problem05_label00_false-unreach-call.c,TPDB_Y2024_filtered_VBS/SV-COMP_Mixed_Categories/Problem05_label00_false-unreach-call.c,MAYBE
Problem06_label00_false-unreach-call.c,TPDB_Y2024_filtered_VBS/SV-COMP_Mixed_Categories/Problem06_label00_false-unreach-call.c,MAYBE
Problem07_label00_true-unreach-call.c,TPDB_Y2024_filtered_VBS/SV-COMP_Mixed_Categories/Problem07_label00_true-unreach-call.c,MAYBE
Problem08_label00_true-unreach-call.c,TPDB_Y2024_filtered_VBS/SV-COMP_Mixed_Categories/Problem08_label00_true-unreach-call.c,MAYBE
Problem09_label00_true-unreach-call.c,TPDB_Y2024_filtered_VBS/SV-COMP_Mixed_Categories/Problem09_label00_true-unreach-call.c,MAYBE
Problem10_label00_true-unreach-call.c,TPDB_Y2024_filtered_VBS/SV-COMP_Mixed_Categories/Problem10_label00_true-unreach-call.c,MAYBE
Problem11_label00_false-unreach-call.c,TPDB_Y2024_filtered_VBS/SV-COMP_Mixed_Categories/Problem11_label00_false-unreach-call.c,MAYBE
Problem12_label00_false-unreach-call.c,TPDB_Y2024_filtered_VBS/SV-COMP_Mixed_Categories/Problem12_label00_false-unreach-call.c,MAYBE
Problem13_label00_true-unreach-call.c,TPDB_Y2024_filtered_VBS/SV-COMP_Mixed_Categories/Problem13_label00_true-unreach-call.c,MAYBE
Problem14_label00_true-unreach-call.c,TPDB_Y2024_filtered_VBS/SV-COMP_Mixed_Categories/Problem14_label00_true-unreach-call.c,MAYBE
Problem15_label00_false-unreach-call.c,TPDB_Y2024_filtered_VBS/SV-COMP_Mixed_Categories/Problem15_label00_false-unreach-call.c,MAYBE
Problem16_label00_false-unreach-call.c,TPDB_Y2024_filtered_VBS/SV-COMP_Mixed_Categories/Problem16_label00_false-unreach-call.c,MAYBE
Problem17_label00_true-unreach-call.c,TPDB_Y2024_filtered_VBS/SV-COMP_Mixed_Categories/Problem17_label00_true-unreach-call.c,MAYBE
Problem18_label00_false-unreach-call.c,TPDB_Y2024_filtered_VBS/SV-COMP_Mixed_Categories/Problem18_label00_false-unreach-call.c,MAYBE
Problem19_label00_true-unreach-call.c,TPDB_Y2024_filtered_VBS/SV-COMP_Mixed_Categories/Problem19_label00_true-unreach-call.c,MAYBE
recHanoi01_true-unreach-call_true-termination.c,TPDB_Y2024_filtered_VBS/SV-COMP_Mixed_Categories/recHanoi01_true-unreach-call_true-termination.c,YES
rekcba_aso_false-unreach-call.1.M1.c,TPDB_Y2024_filtered_VBS/SV-COMP_Mixed_Categories/rekcba_aso_false-unreach-call.1.M1.c,MAYBE
rekcba_ctm_false-unreach-call.2.c,TPDB_Y2024_filtered_VBS/SV-COMP_Mixed_Categories/rekcba_ctm_false-unreach-call.2.c,MAYBE
rekcba_nxt_false-unreach-call.1.M1.c,TPDB_Y2024_filtered_VBS/SV-COMP_Mixed_Categories/rekcba_nxt_false-unreach-call.1.M1.c,MAYBE
s3_clnt_1_false-unreach-call.cil.c,TPDB_Y2024_filtered_VBS/SV-COMP_Mixed_Categories/s3_clnt_1_false-unreach-call.cil.c,YES
s3_srvr_14_false-unreach-call.cil.c,TPDB_Y2024_filtered_VBS/SV-COMP_Mixed_Categories/s3_srvr_14_false-unreach-call.cil.c,NO
s3_srvr_1_false-unreach-call.cil.c,TPDB_Y2024_filtered_VBS/SV-COMP_Mixed_Categories/s3_srvr_1_false-unreach-call.cil.c,NO
sanfoundry_02_true-unreach-call_ground.c,TPDB_Y2024_filtered_VBS/SV-COMP_Mixed_Categories/sanfoundry_02_true-unreach-call_ground.c,MAYBE
simple-ext_1_true-valid-memsafety.c,TPDB_Y2024_filtered_VBS/SV-COMP_Mixed_Categories/simple-ext_1_true-valid-memsafety.c,MAYBE
skiplist_3lvl_true-valid-memsafety.c,TPDB_Y2024_filtered_VBS/SV-COMP_Mixed_Categories/skiplist_3lvl_true-valid-memsafety.c,MAYBE
sll_to_dll_rev_true-unreach-call.c,TPDB_Y2024_filtered_VBS/SV-COMP_Mixed_Categories/sll_to_dll_rev_true-unreach-call.c,MAYBE
sorting_bubblesort_true-unreach-call_ground.c,TPDB_Y2024_filtered_VBS/SV-COMP_Mixed_Categories/sorting_bubblesort_true-unreach-call_ground.c,MAYBE
splice_true-unreach-call.c,TPDB_Y2024_filtered_VBS/SV-COMP_Mixed_Categories/splice_true-unreach-call.c,MAYBE
standard_compare_true-unreach-call_ground.c,TPDB_Y2024_filtered_VBS/SV-COMP_Mixed_Categories/standard_compare_true-unreach-call_ground.c,YES
standard_copy7_true-unreach-call_ground.c,TPDB_Y2024_filtered_VBS/SV-COMP_Mixed_Categories/standard_copy7_true-unreach-call_ground.c,YES
standard_password_true-unreach-call_ground.c,TPDB_Y2024_filtered_VBS/SV-COMP_Mixed_Categories/standard_password_true-unreach-call_ground.c,YES
stateful_check_false-unreach-call.c,TPDB_Y2024_filtered_VBS/SV-COMP_Mixed_Categories/stateful_check_false-unreach-call.c,NO
sum_2x3_false-unreach-call.c,TPDB_Y2024_filtered_VBS/SV-COMP_Mixed_Categories/sum_2x3_false-unreach-call.c,YES
sum_non_eq_false-unreach-call.c,TPDB_Y2024_filtered_VBS/SV-COMP_Mixed_Categories/sum_non_eq_false-unreach-call.c,NO
test-0134_true-valid-memsafety.c,TPDB_Y2024_filtered_VBS/SV-COMP_Mixed_Categories/test-0134_true-valid-memsafety.c,MAYBE
test-0219_true-valid-memsafety.c,TPDB_Y2024_filtered_VBS/SV-COMP_Mixed_Categories/test-0219_true-valid-memsafety.c,MAYBE
test-0234_true-valid-memsafety.c,TPDB_Y2024_filtered_VBS/SV-COMP_Mixed_Categories/test-0234_true-valid-memsafety.c,MAYBE
test-0513_1_true-valid-memsafety.c,TPDB_Y2024_filtered_VBS/SV-COMP_Mixed_Categories/test-0513_1_true-valid-memsafety.c,MAYBE
test-0521_true-valid-memsafety.c,TPDB_Y2024_filtered_VBS/SV-COMP_Mixed_Categories/test-0521_true-valid-memsafety.c,MAYBE
test_locks_15_true-unreach-call_false-termination.c,TPDB_Y2024_filtered_VBS/SV-COMP_Mixed_Categories/test_locks_15_true-unreach-call_false-termination.c,NO
token_ring.01_false-unreach-call_false-termination.cil.c,TPDB_Y2024_filtered_VBS/SV-COMP_Mixed_Categories/token_ring.01_false-unreach-call_false-termination.cil.c,NO
token_ring.05_false-unreach-call_false-termination.cil.c,TPDB_Y2024_filtered_VBS/SV-COMP_Mixed_Categories/token_ring.05_false-unreach-call_false-termination.cil.c,NO
token_ring.10_false-unreach-call_false-termination.cil.c,TPDB_Y2024_filtered_VBS/SV-COMP_Mixed_Categories/token_ring.10_false-unreach-call_false-termination.cil.c,MAYBE
token_ring.15_false-unreach-call_false-termination.cil.c,TPDB_Y2024_filtered_VBS/SV-COMP_Mixed_Categories/token_ring.15_false-unreach-call_false-termination.cil.c,MAYBE
transmitter.01_false-unreach-call_false-termination.cil.c,TPDB_Y2024_filtered_VBS/SV-COMP_Mixed_Categories/transmitter.01_false-unreach-call_false-termination.cil.c,NO
transmitter.06_false-unreach-call_false-termination.cil.c,TPDB_Y2024_filtered_VBS/SV-COMP_Mixed_Categories/transmitter.06_false-unreach-call_false-termination.cil.c,NO
transmitter.11_false-unreach-call_false-termination.cil.c,TPDB_Y2024_filtered_VBS/SV-COMP_Mixed_Categories/transmitter.11_false-unreach-call_false-termination.cil.c,MAYBE
transmitter.16_false-unreach-call_false-termination.cil.c,TPDB_Y2024_filtered_VBS/SV-COMP_Mixed_Categories/transmitter.16_false-unreach-call_false-termination.cil.c,MAYBE
tree_stack_true-valid-memsafety.c,TPDB_Y2024_filtered_VBS/SV-COMP_Mixed_Categories/tree_stack_true-valid-memsafety.c,MAYBE
2Nested_true-termination.c,TPDB_Y2024_filtered_VBS/Stroeder_15/2Nested_true-termination.c,YES
4NestedWith3Variables_true-termination.c,TPDB_Y2024_filtered_VBS/Stroeder_15/4NestedWith3Variables_true-termination.c,YES
aaron2_true-termination.c,TPDB_Y2024_filtered_VBS/Stroeder_15/aaron2_true-termination.c,YES
aaron3_true-termination.c,TPDB_Y2024_filtered_VBS/Stroeder_15/aaron3_true-termination.c,YES
AliasDarteFeautrierGonnord-SAS2010-complex_true-termination.c,TPDB_Y2024_filtered_VBS/Stroeder_15/AliasDarteFeautrierGonnord-SAS2010-complex_true-termination.c,YES
AliasDarteFeautrierGonnord-SAS2010-counterex1a_true-termination.c,TPDB_Y2024_filtered_VBS/Stroeder_15/AliasDarteFeautrierGonnord-SAS2010-counterex1a_true-termination.c,YES
AliasDarteFeautrierGonnord-SAS2010-counterex1b_true-termination.c,TPDB_Y2024_filtered_VBS/Stroeder_15/AliasDarteFeautrierGonnord-SAS2010-counterex1b_true-termination.c,YES
AliasDarteFeautrierGonnord-SAS2010-cousot9_true-termination.c,TPDB_Y2024_filtered_VBS/Stroeder_15/AliasDarteFeautrierGonnord-SAS2010-cousot9_true-termination.c,YES
AliasDarteFeautrierGonnord-SAS2010-exmini_true-termination.c,TPDB_Y2024_filtered_VBS/Stroeder_15/AliasDarteFeautrierGonnord-SAS2010-exmini_true-termination.c,YES
AliasDarteFeautrierGonnord-SAS2010-Fig1_true-termination.c,TPDB_Y2024_filtered_VBS/Stroeder_15/AliasDarteFeautrierGonnord-SAS2010-Fig1_true-termination.c,YES
AliasDarteFeautrierGonnord-SAS2010-Fig2a_true-termination.c,TPDB_Y2024_filtered_VBS/Stroeder_15/AliasDarteFeautrierGonnord-SAS2010-Fig2a_true-termination.c,YES
AliasDarteFeautrierGonnord-SAS2010-Fig2b_true-termination.c,TPDB_Y2024_filtered_VBS/Stroeder_15/AliasDarteFeautrierGonnord-SAS2010-Fig2b_true-termination.c,YES
AliasDarteFeautrierGonnord-SAS2010-loops_true-termination.c,TPDB_Y2024_filtered_VBS/Stroeder_15/AliasDarteFeautrierGonnord-SAS2010-loops_true-termination.c,YES
AliasDarteFeautrierGonnord-SAS2010-ndecr_true-termination.c,TPDB_Y2024_filtered_VBS/Stroeder_15/AliasDarteFeautrierGonnord-SAS2010-ndecr_true-termination.c,YES
AliasDarteFeautrierGonnord-SAS2010-nestedLoop_true-termination.c,TPDB_Y2024_filtered_VBS/Stroeder_15/AliasDarteFeautrierGonnord-SAS2010-nestedLoop_true-termination.c,YES
AliasDarteFeautrierGonnord-SAS2010-random1d_true-termination.c,TPDB_Y2024_filtered_VBS/Stroeder_15/AliasDarteFeautrierGonnord-SAS2010-random1d_true-termination.c,YES
AliasDarteFeautrierGonnord-SAS2010-random2d_true-termination.c,TPDB_Y2024_filtered_VBS/Stroeder_15/AliasDarteFeautrierGonnord-SAS2010-random2d_true-termination.c,YES
AliasDarteFeautrierGonnord-SAS2010-rsd_true-termination.c,TPDB_Y2024_filtered_VBS/Stroeder_15/AliasDarteFeautrierGonnord-SAS2010-rsd_true-termination.c,YES
AliasDarteFeautrierGonnord-SAS2010-speedFails4_true-termination.c,TPDB_Y2024_filtered_VBS/Stroeder_15/AliasDarteFeautrierGonnord-SAS2010-speedFails4_true-termination.c,YES
AliasDarteFeautrierGonnord-SAS2010-speedpldi2_true-termination.c,TPDB_Y2024_filtered_VBS/Stroeder_15/AliasDarteFeautrierGonnord-SAS2010-speedpldi2_true-termination.c,YES
AliasDarteFeautrierGonnord-SAS2010-speedpldi3_true-termination.c,TPDB_Y2024_filtered_VBS/Stroeder_15/AliasDarteFeautrierGonnord-SAS2010-speedpldi3_true-termination.c,YES
AliasDarteFeautrierGonnord-SAS2010-speedpldi4_true-termination.c,TPDB_Y2024_filtered_VBS/Stroeder_15/AliasDarteFeautrierGonnord-SAS2010-speedpldi4_true-termination.c,YES
AliasDarteFeautrierGonnord-SAS2010-terminate_true-termination.c,TPDB_Y2024_filtered_VBS/Stroeder_15/AliasDarteFeautrierGonnord-SAS2010-terminate_true-termination.c,YES
AliasDarteFeautrierGonnord-SAS2010-wcet2_true-termination.c,TPDB_Y2024_filtered_VBS/Stroeder_15/AliasDarteFeautrierGonnord-SAS2010-wcet2_true-termination.c,YES
AliasDarteFeautrierGonnord-SAS2010-while2_true-termination.c,TPDB_Y2024_filtered_VBS/Stroeder_15/AliasDarteFeautrierGonnord-SAS2010-while2_true-termination.c,YES
AliasDarteFeautrierGonnord-SAS2010-wise_true-termination.c,TPDB_Y2024_filtered_VBS/Stroeder_15/AliasDarteFeautrierGonnord-SAS2010-wise_true-termination.c,YES
AlternDiv.c,TPDB_Y2024_filtered_VBS/Stroeder_15/AlternDiv.c,NO
AlternDivWide.c,TPDB_Y2024_filtered_VBS/Stroeder_15/AlternDivWide.c,NO
AlternDivWidening.c,TPDB_Y2024_filtered_VBS/Stroeder_15/AlternDivWidening.c,NO
AlternKonv.c,TPDB_Y2024_filtered_VBS/Stroeder_15/AlternKonv.c,NO
Avery-FLOPS2006-Table1_true-termination.c,TPDB_Y2024_filtered_VBS/Stroeder_15/Avery-FLOPS2006-Table1_true-termination.c,YES
Bangalore_true-termination.c,TPDB_Y2024_filtered_VBS/Stroeder_15/Bangalore_true-termination.c,YES
Ben-Amram-LMCS2010-Ex2.3_true-termination.c,TPDB_Y2024_filtered_VBS/Stroeder_15/Ben-Amram-LMCS2010-Ex2.3_true-termination.c,YES
Benghazi_true-termination.c,TPDB_Y2024_filtered_VBS/Stroeder_15/Benghazi_true-termination.c,YES
BradleyMannaSipma-CAV2005-Fig1-modified_false-termination.c,TPDB_Y2024_filtered_VBS/Stroeder_15/BradleyMannaSipma-CAV2005-Fig1-modified_false-termination.c,NO
BradleyMannaSipma-CAV2005-Fig1_true-termination.c,TPDB_Y2024_filtered_VBS/Stroeder_15/BradleyMannaSipma-CAV2005-Fig1_true-termination.c,YES
BradleyMannaSipma-ICALP2005-Fig1_true-termination.c,TPDB_Y2024_filtered_VBS/Stroeder_15/BradleyMannaSipma-ICALP2005-Fig1_true-termination.c,YES
BrockschmidtCookFuhs-CAV2013-Fig1_true-termination.c,TPDB_Y2024_filtered_VBS/Stroeder_15/BrockschmidtCookFuhs-CAV2013-Fig1_true-termination.c,YES
BrockschmidtCookFuhs-CAV2013-Fig9a_true-termination.c,TPDB_Y2024_filtered_VBS/Stroeder_15/BrockschmidtCookFuhs-CAV2013-Fig9a_true-termination.c,YES
BrockschmidtCookFuhs-CAV2013-Introduction_true-termination.c,TPDB_Y2024_filtered_VBS/Stroeder_15/BrockschmidtCookFuhs-CAV2013-Introduction_true-termination.c,YES
Cairo_true-termination.c,TPDB_Y2024_filtered_VBS/Stroeder_15/Cairo_true-termination.c,YES
ChawdharyCookGulwaniSagivYang-ESOP2008-aaron12_true-termination.c,TPDB_Y2024_filtered_VBS/Stroeder_15/ChawdharyCookGulwaniSagivYang-ESOP2008-aaron12_true-termination.c,YES
ChawdharyCookGulwaniSagivYang-ESOP2008-aaron1_true-termination.c,TPDB_Y2024_filtered_VBS/Stroeder_15/ChawdharyCookGulwaniSagivYang-ESOP2008-aaron1_true-termination.c,YES
ChawdharyCookGulwaniSagivYang-ESOP2008-aaron4_true-termination.c,TPDB_Y2024_filtered_VBS/Stroeder_15/ChawdharyCookGulwaniSagivYang-ESOP2008-aaron4_true-termination.c,YES
ChawdharyCookGulwaniSagivYang-ESOP2008-aaron6_true-termination.c,TPDB_Y2024_filtered_VBS/Stroeder_15/ChawdharyCookGulwaniSagivYang-ESOP2008-aaron6_true-termination.c,YES
ChawdharyCookGulwaniSagivYang-ESOP2008-random1d_true-termination.c,TPDB_Y2024_filtered_VBS/Stroeder_15/ChawdharyCookGulwaniSagivYang-ESOP2008-random1d_true-termination.c,YES
ChawdharyCookGulwaniSagivYang-ESOP2008-random2d_true-termination.c,TPDB_Y2024_filtered_VBS/Stroeder_15/ChawdharyCookGulwaniSagivYang-ESOP2008-random2d_true-termination.c,YES
ChenCookFuhsNimkarOHearn-TACAS2014-Introduction_false-termination.c,TPDB_Y2024_filtered_VBS/Stroeder_15/ChenCookFuhsNimkarOHearn-TACAS2014-Introduction_false-termination.c,NO
ChenFlurMukhopadhyay-SAS2012-Ex1.01_true-termination.c,TPDB_Y2024_filtered_VBS/Stroeder_15/ChenFlurMukhopadhyay-SAS2012-Ex1.01_true-termination.c,YES
ChenFlurMukhopadhyay-SAS2012-Ex1.02_true-termination.c,TPDB_Y2024_filtered_VBS/Stroeder_15/ChenFlurMukhopadhyay-SAS2012-Ex1.02_true-termination.c,YES
ChenFlurMukhopadhyay-SAS2012-Ex1.03_true-termination.c,TPDB_Y2024_filtered_VBS/Stroeder_15/ChenFlurMukhopadhyay-SAS2012-Ex1.03_true-termination.c,YES
ChenFlurMukhopadhyay-SAS2012-Ex1.04_true-termination.c,TPDB_Y2024_filtered_VBS/Stroeder_15/ChenFlurMukhopadhyay-SAS2012-Ex1.04_true-termination.c,YES
ChenFlurMukhopadhyay-SAS2012-Ex1.05_true-termination.c,TPDB_Y2024_filtered_VBS/Stroeder_15/ChenFlurMukhopadhyay-SAS2012-Ex1.05_true-termination.c,YES
ChenFlurMukhopadhyay-SAS2012-Ex2.01_true-termination.c,TPDB_Y2024_filtered_VBS/Stroeder_15/ChenFlurMukhopadhyay-SAS2012-Ex2.01_true-termination.c,YES
ChenFlurMukhopadhyay-SAS2012-Ex2.02_false-termination.c,TPDB_Y2024_filtered_VBS/Stroeder_15/ChenFlurMukhopadhyay-SAS2012-Ex2.02_false-termination.c,NO
ChenFlurMukhopadhyay-SAS2012-Ex2.03_false-termination.c,TPDB_Y2024_filtered_VBS/Stroeder_15/ChenFlurMukhopadhyay-SAS2012-Ex2.03_false-termination.c,NO
ChenFlurMukhopadhyay-SAS2012-Ex2.04_false-termination.c,TPDB_Y2024_filtered_VBS/Stroeder_15/ChenFlurMukhopadhyay-SAS2012-Ex2.04_false-termination.c,NO
ChenFlurMukhopadhyay-SAS2012-Ex2.06_false-termination.c,TPDB_Y2024_filtered_VBS/Stroeder_15/ChenFlurMukhopadhyay-SAS2012-Ex2.06_false-termination.c,MAYBE
ChenFlurMukhopadhyay-SAS2012-Ex2.07_true-termination.c,TPDB_Y2024_filtered_VBS/Stroeder_15/ChenFlurMukhopadhyay-SAS2012-Ex2.07_true-termination.c,YES
ChenFlurMukhopadhyay-SAS2012-Ex2.08_true-termination.c,TPDB_Y2024_filtered_VBS/Stroeder_15/ChenFlurMukhopadhyay-SAS2012-Ex2.08_true-termination.c,YES
ChenFlurMukhopadhyay-SAS2012-Ex2.09_true-termination.c,TPDB_Y2024_filtered_VBS/Stroeder_15/ChenFlurMukhopadhyay-SAS2012-Ex2.09_true-termination.c,YES
ChenFlurMukhopadhyay-SAS2012-Ex2.10_true-termination.c,TPDB_Y2024_filtered_VBS/Stroeder_15/ChenFlurMukhopadhyay-SAS2012-Ex2.10_true-termination.c,YES
ChenFlurMukhopadhyay-SAS2012-Ex2.11_false-termination.c,TPDB_Y2024_filtered_VBS/Stroeder_15/ChenFlurMukhopadhyay-SAS2012-Ex2.11_false-termination.c,MAYBE
ChenFlurMukhopadhyay-SAS2012-Ex2.12_false-termination.c,TPDB_Y2024_filtered_VBS/Stroeder_15/ChenFlurMukhopadhyay-SAS2012-Ex2.12_false-termination.c,NO
ChenFlurMukhopadhyay-SAS2012-Ex2.13_true-termination.c,TPDB_Y2024_filtered_VBS/Stroeder_15/ChenFlurMukhopadhyay-SAS2012-Ex2.13_true-termination.c,YES
ChenFlurMukhopadhyay-SAS2012-Ex2.14_false-termination.c,TPDB_Y2024_filtered_VBS/Stroeder_15/ChenFlurMukhopadhyay-SAS2012-Ex2.14_false-termination.c,NO
ChenFlurMukhopadhyay-SAS2012-Ex2.15_false-termination.c,TPDB_Y2024_filtered_VBS/Stroeder_15/ChenFlurMukhopadhyay-SAS2012-Ex2.15_false-termination.c,NO
ChenFlurMukhopadhyay-SAS2012-Ex2.16_true-termination.c,TPDB_Y2024_filtered_VBS/Stroeder_15/ChenFlurMukhopadhyay-SAS2012-Ex2.16_true-termination.c,YES
ChenFlurMukhopadhyay-SAS2012-Ex2.17_false-termination.c,TPDB_Y2024_filtered_VBS/Stroeder_15/ChenFlurMukhopadhyay-SAS2012-Ex2.17_false-termination.c,NO
ChenFlurMukhopadhyay-SAS2012-Ex2.18_true-termination.c,TPDB_Y2024_filtered_VBS/Stroeder_15/ChenFlurMukhopadhyay-SAS2012-Ex2.18_true-termination.c,YES
ChenFlurMukhopadhyay-SAS2012-Ex2.19_true-termination.c,TPDB_Y2024_filtered_VBS/Stroeder_15/ChenFlurMukhopadhyay-SAS2012-Ex2.19_true-termination.c,YES
ChenFlurMukhopadhyay-SAS2012-Ex2.20_true-termination.c,TPDB_Y2024_filtered_VBS/Stroeder_15/ChenFlurMukhopadhyay-SAS2012-Ex2.20_true-termination.c,YES
ChenFlurMukhopadhyay-SAS2012-Ex2.21_true-termination.c,TPDB_Y2024_filtered_VBS/Stroeder_15/ChenFlurMukhopadhyay-SAS2012-Ex2.21_true-termination.c,YES
ChenFlurMukhopadhyay-SAS2012-Ex2.22_true-termination.c,TPDB_Y2024_filtered_VBS/Stroeder_15/ChenFlurMukhopadhyay-SAS2012-Ex2.22_true-termination.c,YES
ChenFlurMukhopadhyay-SAS2012-Ex3.01_true-termination.c,TPDB_Y2024_filtered_VBS/Stroeder_15/ChenFlurMukhopadhyay-SAS2012-Ex3.01_true-termination.c,YES
ChenFlurMukhopadhyay-SAS2012-Ex3.02_false-termination.c,TPDB_Y2024_filtered_VBS/Stroeder_15/ChenFlurMukhopadhyay-SAS2012-Ex3.02_false-termination.c,NO
ChenFlurMukhopadhyay-SAS2012-Ex3.03_true-termination.c,TPDB_Y2024_filtered_VBS/Stroeder_15/ChenFlurMukhopadhyay-SAS2012-Ex3.03_true-termination.c,YES
ChenFlurMukhopadhyay-SAS2012-Ex3.04_true-termination.c,TPDB_Y2024_filtered_VBS/Stroeder_15/ChenFlurMukhopadhyay-SAS2012-Ex3.04_true-termination.c,YES
ChenFlurMukhopadhyay-SAS2012-Ex3.05_true-termination.c,TPDB_Y2024_filtered_VBS/Stroeder_15/ChenFlurMukhopadhyay-SAS2012-Ex3.05_true-termination.c,YES
ChenFlurMukhopadhyay-SAS2012-Ex3.06_false-termination.c,TPDB_Y2024_filtered_VBS/Stroeder_15/ChenFlurMukhopadhyay-SAS2012-Ex3.06_false-termination.c,NO
ChenFlurMukhopadhyay-SAS2012-Ex3.07_true-termination.c,TPDB_Y2024_filtered_VBS/Stroeder_15/ChenFlurMukhopadhyay-SAS2012-Ex3.07_true-termination.c,YES
ChenFlurMukhopadhyay-SAS2012-Ex3.08_true-termination.c,TPDB_Y2024_filtered_VBS/Stroeder_15/ChenFlurMukhopadhyay-SAS2012-Ex3.08_true-termination.c,YES
ChenFlurMukhopadhyay-SAS2012-Ex3.09_true-termination.c,TPDB_Y2024_filtered_VBS/Stroeder_15/ChenFlurMukhopadhyay-SAS2012-Ex3.09_true-termination.c,YES
ChenFlurMukhopadhyay-SAS2012-Ex3.10_true-termination.c,TPDB_Y2024_filtered_VBS/Stroeder_15/ChenFlurMukhopadhyay-SAS2012-Ex3.10_true-termination.c,YES
ChenFlurMukhopadhyay-SAS2012-Ex4.01_true-termination.c,TPDB_Y2024_filtered_VBS/Stroeder_15/ChenFlurMukhopadhyay-SAS2012-Ex4.01_true-termination.c,YES
ChenFlurMukhopadhyay-SAS2012-Fig1_true-termination.c,TPDB_Y2024_filtered_VBS/Stroeder_15/ChenFlurMukhopadhyay-SAS2012-Fig1_true-termination.c,YES
Choose.c,TPDB_Y2024_filtered_VBS/Stroeder_15/Choose.c,NO
ChooseLife.c,TPDB_Y2024_filtered_VBS/Stroeder_15/ChooseLife.c,NO
collatz.c,TPDB_Y2024_filtered_VBS/Stroeder_15/collatz.c,MAYBE
ColonSipma-TACAS2001-Fig1_true-termination.c,TPDB_Y2024_filtered_VBS/Stroeder_15/ColonSipma-TACAS2001-Fig1_true-termination.c,YES
ComplInterv.c,TPDB_Y2024_filtered_VBS/Stroeder_15/ComplInterv.c,MAYBE
ComplInterv2.c,TPDB_Y2024_filtered_VBS/Stroeder_15/ComplInterv2.c,NO
ComplInterv3.c,TPDB_Y2024_filtered_VBS/Stroeder_15/ComplInterv3.c,NO
ComplxStruc.c,TPDB_Y2024_filtered_VBS/Stroeder_15/ComplxStruc.c,NO
ConvLower.c,TPDB_Y2024_filtered_VBS/Stroeder_15/ConvLower.c,NO
CookSeeZuleger-TACAS2013-Fig1_true-termination.c,TPDB_Y2024_filtered_VBS/Stroeder_15/CookSeeZuleger-TACAS2013-Fig1_true-termination.c,YES
CookSeeZuleger-TACAS2013-Fig7a_true-termination.c,TPDB_Y2024_filtered_VBS/Stroeder_15/CookSeeZuleger-TACAS2013-Fig7a_true-termination.c,YES
CookSeeZuleger-TACAS2013-Fig7b_true-termination.c,TPDB_Y2024_filtered_VBS/Stroeder_15/CookSeeZuleger-TACAS2013-Fig7b_true-termination.c,YES
CookSeeZuleger-TACAS2013-Fig8a-modified_true-termination.c,TPDB_Y2024_filtered_VBS/Stroeder_15/CookSeeZuleger-TACAS2013-Fig8a-modified_true-termination.c,YES
CookSeeZuleger-TACAS2013-Fig8a_true-termination.c,TPDB_Y2024_filtered_VBS/Stroeder_15/CookSeeZuleger-TACAS2013-Fig8a_true-termination.c,YES
CookSeeZuleger-TACAS2013-Fig8b_true-termination.c,TPDB_Y2024_filtered_VBS/Stroeder_15/CookSeeZuleger-TACAS2013-Fig8b_true-termination.c,YES
Copenhagen_true-termination.c,TPDB_Y2024_filtered_VBS/Stroeder_15/Copenhagen_true-termination.c,YES
Cousot.c,TPDB_Y2024_filtered_VBS/Stroeder_15/Cousot.c,NO
DivMinus.c,TPDB_Y2024_filtered_VBS/Stroeder_15/DivMinus.c,YES
DivMinus2.c,TPDB_Y2024_filtered_VBS/Stroeder_15/DivMinus2.c,YES
DivWithoutMinus.c,TPDB_Y2024_filtered_VBS/Stroeder_15/DivWithoutMinus.c,NO
DoubleNeg.c,TPDB_Y2024_filtered_VBS/Stroeder_15/DoubleNeg.c,MAYBE
easy1_true-termination.c,TPDB_Y2024_filtered_VBS/Stroeder_15/easy1_true-termination.c,YES
easy2_true-termination.c,TPDB_Y2024_filtered_VBS/Stroeder_15/easy2_true-termination.c,YES
Et1.c,TPDB_Y2024_filtered_VBS/Stroeder_15/Et1.c,YES
Et2.c,TPDB_Y2024_filtered_VBS/Stroeder_15/Et2.c,NO
Et4.c,TPDB_Y2024_filtered_VBS/Stroeder_15/Et4.c,NO
Even.c,TPDB_Y2024_filtered_VBS/Stroeder_15/Even.c,NO
Ex01.c,TPDB_Y2024_filtered_VBS/Stroeder_15/Ex01.c,NO
Ex02.c,TPDB_Y2024_filtered_VBS/Stroeder_15/Ex02.c,NO
Ex03.c,TPDB_Y2024_filtered_VBS/Stroeder_15/Ex03.c,NO
Ex04.c,TPDB_Y2024_filtered_VBS/Stroeder_15/Ex04.c,NO
Ex05.c,TPDB_Y2024_filtered_VBS/Stroeder_15/Ex05.c,NO
Ex06.c,TPDB_Y2024_filtered_VBS/Stroeder_15/Ex06.c,NO
Ex07.c,TPDB_Y2024_filtered_VBS/Stroeder_15/Ex07.c,NO
Ex08.c,TPDB_Y2024_filtered_VBS/Stroeder_15/Ex08.c,NO
Factorial.c,TPDB_Y2024_filtered_VBS/Stroeder_15/Factorial.c,MAYBE
Fibonacci.c,TPDB_Y2024_filtered_VBS/Stroeder_15/Fibonacci.c,NO
Flip.c,TPDB_Y2024_filtered_VBS/Stroeder_15/Flip.c,NO
Flip2.c,TPDB_Y2024_filtered_VBS/Stroeder_15/Flip2.c,NO
Gauss.c,TPDB_Y2024_filtered_VBS/Stroeder_15/Gauss.c,NO
GCD.c,TPDB_Y2024_filtered_VBS/Stroeder_15/GCD.c,NO
gcd1_true-termination.c,TPDB_Y2024_filtered_VBS/Stroeder_15/gcd1_true-termination.c,YES
GCD2.c,TPDB_Y2024_filtered_VBS/Stroeder_15/GCD2.c,NO
GCD3.c,TPDB_Y2024_filtered_VBS/Stroeder_15/GCD3.c,YES
GCD4.c,TPDB_Y2024_filtered_VBS/Stroeder_15/GCD4.c,YES
genady_true-termination.c,TPDB_Y2024_filtered_VBS/Stroeder_15/genady_true-termination.c,YES
GopanReps-CAV2006-Fig1a_true-termination.c.c,TPDB_Y2024_filtered_VBS/Stroeder_15/GopanReps-CAV2006-Fig1a_true-termination.c.c,YES
Gothenburg_true-termination.c,TPDB_Y2024_filtered_VBS/Stroeder_15/Gothenburg_true-termination.c,YES
GulavaniGulwani-CAV2008-Fig1a_true-termination.c,TPDB_Y2024_filtered_VBS/Stroeder_15/GulavaniGulwani-CAV2008-Fig1a_true-termination.c,YES
GulavaniGulwani-CAV2008-Fig1b_true-termination.c,TPDB_Y2024_filtered_VBS/Stroeder_15/GulavaniGulwani-CAV2008-Fig1b_true-termination.c,YES
GulavaniGulwani-CAV2008-Fig1c_true-termination.c,TPDB_Y2024_filtered_VBS/Stroeder_15/GulavaniGulwani-CAV2008-Fig1c_true-termination.c,YES
GulwaniJainKoskinen-PLDI2009-Fig1_true-termination.c,TPDB_Y2024_filtered_VBS/Stroeder_15/GulwaniJainKoskinen-PLDI2009-Fig1_true-termination.c,YES
HeizmannHoenickeLeikePodelski-ATVA2013-Fig1_true-termination.c,TPDB_Y2024_filtered_VBS/Stroeder_15/HeizmannHoenickeLeikePodelski-ATVA2013-Fig1_true-termination.c,YES
HeizmannHoenickeLeikePodelski-ATVA2013-Fig4_true-termination.c,TPDB_Y2024_filtered_VBS/Stroeder_15/HeizmannHoenickeLeikePodelski-ATVA2013-Fig4_true-termination.c,YES
HeizmannHoenickeLeikePodelski-ATVA2013-Fig6_true-termination.c,TPDB_Y2024_filtered_VBS/Stroeder_15/HeizmannHoenickeLeikePodelski-ATVA2013-Fig6_true-termination.c,YES
HeizmannHoenickeLeikePodelski-ATVA2013-Fig8_true-termination.c,TPDB_Y2024_filtered_VBS/Stroeder_15/HeizmannHoenickeLeikePodelski-ATVA2013-Fig8_true-termination.c,YES
HeizmannHoenickeLeikePodelski-ATVA2013-Fig9_true-termination.c,TPDB_Y2024_filtered_VBS/Stroeder_15/HeizmannHoenickeLeikePodelski-ATVA2013-Fig9_true-termination.c,YES
IntPath.c,TPDB_Y2024_filtered_VBS/Stroeder_15/IntPath.c,YES
KroeningSharyginaTsitovichWintersteiger-CAV2010-Ex_true-termination.c,TPDB_Y2024_filtered_VBS/Stroeder_15/KroeningSharyginaTsitovichWintersteiger-CAV2010-Ex_true-termination.c,YES
LarrazOliverasRodriguez-CarbonellRubio-FMCAD2013-Fig1_true-termination.c,TPDB_Y2024_filtered_VBS/Stroeder_15/LarrazOliverasRodriguez-CarbonellRubio-FMCAD2013-Fig1_true-termination.c,YES
Lcm.c,TPDB_Y2024_filtered_VBS/Stroeder_15/Lcm.c,NO
LeikeHeizmann-TACAS2014-Ex1_true-termination.c,TPDB_Y2024_filtered_VBS/Stroeder_15/LeikeHeizmann-TACAS2014-Ex1_true-termination.c,YES
LeikeHeizmann-TACAS2014-Ex7_true-termination.c,TPDB_Y2024_filtered_VBS/Stroeder_15/LeikeHeizmann-TACAS2014-Ex7_true-termination.c,YES
LeikeHeizmann-TACAS2014-Ex8_true-termination.c,TPDB_Y2024_filtered_VBS/Stroeder_15/LeikeHeizmann-TACAS2014-Ex8_true-termination.c,YES
LeikeHeizmann-TACAS2014-Ex9_true-termination.c,TPDB_Y2024_filtered_VBS/Stroeder_15/LeikeHeizmann-TACAS2014-Ex9_true-termination.c,YES
LeikeHeizmann-TACAS2014-Fig1_true-termination.c,TPDB_Y2024_filtered_VBS/Stroeder_15/LeikeHeizmann-TACAS2014-Fig1_true-termination.c,YES
LeikeHeizmann-WST2014-Ex5_false-termination.c,TPDB_Y2024_filtered_VBS/Stroeder_15/LeikeHeizmann-WST2014-Ex5_false-termination.c,NO
LeikeHeizmann-WST2014-Ex6_false-termination.c,TPDB_Y2024_filtered_VBS/Stroeder_15/LeikeHeizmann-WST2014-Ex6_false-termination.c,NO
Lobnya-Boolean-Reordered_true-termination.c,TPDB_Y2024_filtered_VBS/Stroeder_15/Lobnya-Boolean-Reordered_true-termination.c,YES
Log.c,TPDB_Y2024_filtered_VBS/Stroeder_15/Log.c,YES
LogAG.c,TPDB_Y2024_filtered_VBS/Stroeder_15/LogAG.c,YES
LogMult.c,TPDB_Y2024_filtered_VBS/Stroeder_15/LogMult.c,MAYBE
Loop.c,TPDB_Y2024_filtered_VBS/Stroeder_15/Loop.c,NO
Madrid_false-termination.c,TPDB_Y2024_filtered_VBS/Stroeder_15/Madrid_false-termination.c,NO
Marbie1.c,TPDB_Y2024_filtered_VBS/Stroeder_15/Marbie1.c,NO
Marbie2.c,TPDB_Y2024_filtered_VBS/Stroeder_15/Marbie2.c,NO
Masse-VMCAI2014-Ex6_true-termination.c,TPDB_Y2024_filtered_VBS/Stroeder_15/Masse-VMCAI2014-Ex6_true-termination.c,YES
Masse-VMCAI2014-Fig1a_true-termination.c,TPDB_Y2024_filtered_VBS/Stroeder_15/Masse-VMCAI2014-Fig1a_true-termination.c,YES
Masse-VMCAI2014-Fig1b_true-termination.c,TPDB_Y2024_filtered_VBS/Stroeder_15/Masse-VMCAI2014-Fig1b_true-termination.c,MAYBE
McCarthyIterative.c,TPDB_Y2024_filtered_VBS/Stroeder_15/McCarthyIterative.c,YES
MenloPark_true-termination.c,TPDB_Y2024_filtered_VBS/Stroeder_15/MenloPark_true-termination.c,YES
Middle.c,TPDB_Y2024_filtered_VBS/Stroeder_15/Middle.c,NO
MinusBuiltIn.c,TPDB_Y2024_filtered_VBS/Stroeder_15/MinusBuiltIn.c,YES
MinusMin.c,TPDB_Y2024_filtered_VBS/Stroeder_15/MinusMin.c,YES
MinusUserDefined.c,TPDB_Y2024_filtered_VBS/Stroeder_15/MinusUserDefined.c,YES
min_rf_true-termination.c,TPDB_Y2024_filtered_VBS/Stroeder_15/min_rf_true-termination.c,YES
MirrorInterv.c,TPDB_Y2024_filtered_VBS/Stroeder_15/MirrorInterv.c,NO
MirrorIntervSim.c,TPDB_Y2024_filtered_VBS/Stroeder_15/MirrorIntervSim.c,NO
Mysore_true-termination.c,TPDB_Y2024_filtered_VBS/Stroeder_15/Mysore_true-termination.c,YES
Narrowing.c,TPDB_Y2024_filtered_VBS/Stroeder_15/Narrowing.c,NO
NarrowKonv.c,TPDB_Y2024_filtered_VBS/Stroeder_15/NarrowKonv.c,NO
Nested.c,TPDB_Y2024_filtered_VBS/Stroeder_15/Nested.c,YES
NonTermination1_false-termination.c,TPDB_Y2024_filtered_VBS/Stroeder_15/NonTermination1_false-termination.c,NO
NonTermination2_false-termination.c,TPDB_Y2024_filtered_VBS/Stroeder_15/NonTermination2_false-termination.c,NO
NonTermination4_false-termination.c,TPDB_Y2024_filtered_VBS/Stroeder_15/NonTermination4_false-termination.c,NO
NonTerminationSimple2_false-termination.c,TPDB_Y2024_filtered_VBS/Stroeder_15/NonTerminationSimple2_false-termination.c,NO
NonTerminationSimple3_false-termination.c,TPDB_Y2024_filtered_VBS/Stroeder_15/NonTerminationSimple3_false-termination.c,NO
NonTerminationSimple4_false-termination.c,TPDB_Y2024_filtered_VBS/Stroeder_15/NonTerminationSimple4_false-termination.c,NO
NonTerminationSimple5_false-termination.c,TPDB_Y2024_filtered_VBS/Stroeder_15/NonTerminationSimple5_false-termination.c,NO
NonTerminationSimple6_false-termination.c,TPDB_Y2024_filtered_VBS/Stroeder_15/NonTerminationSimple6_false-termination.c,NO
NonTerminationSimple7_false-termination.c,TPDB_Y2024_filtered_VBS/Stroeder_15/NonTerminationSimple7_false-termination.c,NO
NonTerminationSimple8_false-termination.c,TPDB_Y2024_filtered_VBS/Stroeder_15/NonTerminationSimple8_false-termination.c,NO
NonTerminationSimple9_false-termination.c,TPDB_Y2024_filtered_VBS/Stroeder_15/NonTerminationSimple9_false-termination.c,NO
NoriSharma-FSE2013-Fig7_true-termination.c,TPDB_Y2024_filtered_VBS/Stroeder_15/NoriSharma-FSE2013-Fig7_true-termination.c,YES
NoriSharma-FSE2013-Fig8_true-termination.c,TPDB_Y2024_filtered_VBS/Stroeder_15/NoriSharma-FSE2013-Fig8_true-termination.c,YES
NO_00.c,TPDB_Y2024_filtered_VBS/Stroeder_15/NO_00.c,NO
NO_01.c,TPDB_Y2024_filtered_VBS/Stroeder_15/NO_01.c,NO
NO_02.c,TPDB_Y2024_filtered_VBS/Stroeder_15/NO_02.c,NO
NO_03.c,TPDB_Y2024_filtered_VBS/Stroeder_15/NO_03.c,NO
NO_04.c,TPDB_Y2024_filtered_VBS/Stroeder_15/NO_04.c,NO
NO_10.c,TPDB_Y2024_filtered_VBS/Stroeder_15/NO_10.c,NO
NO_12.c,TPDB_Y2024_filtered_VBS/Stroeder_15/NO_12.c,NO
NO_13.c,TPDB_Y2024_filtered_VBS/Stroeder_15/NO_13.c,NO
NO_21.c,TPDB_Y2024_filtered_VBS/Stroeder_15/NO_21.c,NO
NO_22.c,TPDB_Y2024_filtered_VBS/Stroeder_15/NO_22.c,NO
NO_23.c,TPDB_Y2024_filtered_VBS/Stroeder_15/NO_23.c,NO
NO_24.c,TPDB_Y2024_filtered_VBS/Stroeder_15/NO_24.c,NO
Nyala-2lex_true-termination.c,TPDB_Y2024_filtered_VBS/Stroeder_15/Nyala-2lex_true-termination.c,YES
Overflow.c,TPDB_Y2024_filtered_VBS/Stroeder_15/Overflow.c,YES
Parallel_true-termination.c,TPDB_Y2024_filtered_VBS/Stroeder_15/Parallel_true-termination.c,YES
PastaA1.c,TPDB_Y2024_filtered_VBS/Stroeder_15/PastaA1.c,YES
PastaA10.c,TPDB_Y2024_filtered_VBS/Stroeder_15/PastaA10.c,YES
PastaA4.c,TPDB_Y2024_filtered_VBS/Stroeder_15/PastaA4.c,YES
PastaA5.c,TPDB_Y2024_filtered_VBS/Stroeder_15/PastaA5.c,YES
PastaA6.c,TPDB_Y2024_filtered_VBS/Stroeder_15/PastaA6.c,YES
PastaA7.c,TPDB_Y2024_filtered_VBS/Stroeder_15/PastaA7.c,YES
PastaA8.c,TPDB_Y2024_filtered_VBS/Stroeder_15/PastaA8.c,YES
PastaA9.c,TPDB_Y2024_filtered_VBS/Stroeder_15/PastaA9.c,YES
PastaB1.c,TPDB_Y2024_filtered_VBS/Stroeder_15/PastaB1.c,YES
PastaB11.c,TPDB_Y2024_filtered_VBS/Stroeder_15/PastaB11.c,YES
PastaB14.c,TPDB_Y2024_filtered_VBS/Stroeder_15/PastaB14.c,YES
PastaB15.c,TPDB_Y2024_filtered_VBS/Stroeder_15/PastaB15.c,YES
PastaB16.c,TPDB_Y2024_filtered_VBS/Stroeder_15/PastaB16.c,YES
PastaB17.c,TPDB_Y2024_filtered_VBS/Stroeder_15/PastaB17.c,YES
PastaB2.c,TPDB_Y2024_filtered_VBS/Stroeder_15/PastaB2.c,YES
PastaB3.c,TPDB_Y2024_filtered_VBS/Stroeder_15/PastaB3.c,YES
PastaB4.c,TPDB_Y2024_filtered_VBS/Stroeder_15/PastaB4.c,YES
PastaB6.c,TPDB_Y2024_filtered_VBS/Stroeder_15/PastaB6.c,YES
PastaB7.c,TPDB_Y2024_filtered_VBS/Stroeder_15/PastaB7.c,YES
PastaC1.c,TPDB_Y2024_filtered_VBS/Stroeder_15/PastaC1.c,YES
PastaC10.c,TPDB_Y2024_filtered_VBS/Stroeder_15/PastaC10.c,NO
PastaC2.c,TPDB_Y2024_filtered_VBS/Stroeder_15/PastaC2.c,YES
PastaC3.c,TPDB_Y2024_filtered_VBS/Stroeder_15/PastaC3.c,YES
PastaC7.c,TPDB_Y2024_filtered_VBS/Stroeder_15/PastaC7.c,YES
PastaC9.c,TPDB_Y2024_filtered_VBS/Stroeder_15/PastaC9.c,YES
Piecewise_true-termination.c,TPDB_Y2024_filtered_VBS/Stroeder_15/Piecewise_true-termination.c,YES
PlusSwap.c,TPDB_Y2024_filtered_VBS/Stroeder_15/PlusSwap.c,YES
PodelskiRybalchenko-LICS2004-Fig1_true-termination.c,TPDB_Y2024_filtered_VBS/Stroeder_15/PodelskiRybalchenko-LICS2004-Fig1_true-termination.c,YES
PodelskiRybalchenko-LICS2004-Fig2-TACAS2011-Fig3_true-termination.c,TPDB_Y2024_filtered_VBS/Stroeder_15/PodelskiRybalchenko-LICS2004-Fig2-TACAS2011-Fig3_true-termination.c,YES
PodelskiRybalchenko-TACAS2011-Fig1_true-termination.c,TPDB_Y2024_filtered_VBS/Stroeder_15/PodelskiRybalchenko-TACAS2011-Fig1_true-termination.c,YES
PodelskiRybalchenko-TACAS2011-Fig2_true-termination.c,TPDB_Y2024_filtered_VBS/Stroeder_15/PodelskiRybalchenko-TACAS2011-Fig2_true-termination.c,YES
PodelskiRybalchenko-TACAS2011-Fig4_true-termination.c,TPDB_Y2024_filtered_VBS/Stroeder_15/PodelskiRybalchenko-TACAS2011-Fig4_true-termination.c,YES
PodelskiRybalchenko-VMCAI2004-Ex1_true-termination.c,TPDB_Y2024_filtered_VBS/Stroeder_15/PodelskiRybalchenko-VMCAI2004-Ex1_true-termination.c,YES
PodelskiRybalchenko-VMCAI2004-Ex2_true-termination.c,TPDB_Y2024_filtered_VBS/Stroeder_15/PodelskiRybalchenko-VMCAI2004-Ex2_true-termination.c,YES
Pure2Phase_true-termination.c,TPDB_Y2024_filtered_VBS/Stroeder_15/Pure2Phase_true-termination.c,YES
Pure3Phase_true-termination.c,TPDB_Y2024_filtered_VBS/Stroeder_15/Pure3Phase_true-termination.c,YES
Rotation180_false-termination.c,TPDB_Y2024_filtered_VBS/Stroeder_15/Rotation180_false-termination.c,NO
Sequence.c,TPDB_Y2024_filtered_VBS/Stroeder_15/Sequence.c,YES
Stockholm_true-termination.c,TPDB_Y2024_filtered_VBS/Stroeder_15/Stockholm_true-termination.c,YES
Sunset.c,TPDB_Y2024_filtered_VBS/Stroeder_15/Sunset.c,NO
svcomp_a.01.c,TPDB_Y2024_filtered_VBS/Stroeder_15/svcomp_a.01.c,YES
svcomp_a.04.c,TPDB_Y2024_filtered_VBS/Stroeder_15/svcomp_a.04.c,YES
svcomp_a.05.c,TPDB_Y2024_filtered_VBS/Stroeder_15/svcomp_a.05.c,YES
svcomp_a.06.c,TPDB_Y2024_filtered_VBS/Stroeder_15/svcomp_a.06.c,YES
svcomp_a.07.c,TPDB_Y2024_filtered_VBS/Stroeder_15/svcomp_a.07.c,YES
svcomp_a.08.c,TPDB_Y2024_filtered_VBS/Stroeder_15/svcomp_a.08.c,YES
svcomp_a.09_assume.c,TPDB_Y2024_filtered_VBS/Stroeder_15/svcomp_a.09_assume.c,YES
svcomp_a.10.c,TPDB_Y2024_filtered_VBS/Stroeder_15/svcomp_a.10.c,YES
svcomp_b.01.c,TPDB_Y2024_filtered_VBS/Stroeder_15/svcomp_b.01.c,YES
svcomp_b.02.c,TPDB_Y2024_filtered_VBS/Stroeder_15/svcomp_b.02.c,YES
svcomp_b.03-no-inv_assume.c,TPDB_Y2024_filtered_VBS/Stroeder_15/svcomp_b.03-no-inv_assume.c,YES
svcomp_b.03_assume.c,TPDB_Y2024_filtered_VBS/Stroeder_15/svcomp_b.03_assume.c,YES
svcomp_b.04.c,TPDB_Y2024_filtered_VBS/Stroeder_15/svcomp_b.04.c,YES
svcomp_b.05.c,TPDB_Y2024_filtered_VBS/Stroeder_15/svcomp_b.05.c,YES
svcomp_b.06.c,TPDB_Y2024_filtered_VBS/Stroeder_15/svcomp_b.06.c,YES
svcomp_b.07.c,TPDB_Y2024_filtered_VBS/Stroeder_15/svcomp_b.07.c,YES
svcomp_b.09-no-inv_assume.c,TPDB_Y2024_filtered_VBS/Stroeder_15/svcomp_b.09-no-inv_assume.c,YES
svcomp_b.09_assume.c,TPDB_Y2024_filtered_VBS/Stroeder_15/svcomp_b.09_assume.c,YES
svcomp_b.10.c,TPDB_Y2024_filtered_VBS/Stroeder_15/svcomp_b.10.c,YES
svcomp_b.11.c,TPDB_Y2024_filtered_VBS/Stroeder_15/svcomp_b.11.c,YES
svcomp_b.12.c,TPDB_Y2024_filtered_VBS/Stroeder_15/svcomp_b.12.c,YES
svcomp_b.13.c,TPDB_Y2024_filtered_VBS/Stroeder_15/svcomp_b.13.c,YES
svcomp_b.14.c,TPDB_Y2024_filtered_VBS/Stroeder_15/svcomp_b.14.c,YES
svcomp_b.15.c,TPDB_Y2024_filtered_VBS/Stroeder_15/svcomp_b.15.c,YES
svcomp_b.16.c,TPDB_Y2024_filtered_VBS/Stroeder_15/svcomp_b.16.c,YES
svcomp_b.17.c,TPDB_Y2024_filtered_VBS/Stroeder_15/svcomp_b.17.c,YES
svcomp_b.18.c,TPDB_Y2024_filtered_VBS/Stroeder_15/svcomp_b.18.c,YES
svcomp_c.01-no-inv.c,TPDB_Y2024_filtered_VBS/Stroeder_15/svcomp_c.01-no-inv.c,YES
svcomp_c.01_assume.c,TPDB_Y2024_filtered_VBS/Stroeder_15/svcomp_c.01_assume.c,YES
svcomp_c.02.c,TPDB_Y2024_filtered_VBS/Stroeder_15/svcomp_c.02.c,YES
svcomp_c.03.c,TPDB_Y2024_filtered_VBS/Stroeder_15/svcomp_c.03.c,YES
svcomp_c.07.c,TPDB_Y2024_filtered_VBS/Stroeder_15/svcomp_c.07.c,YES
svcomp_c.08.c,TPDB_Y2024_filtered_VBS/Stroeder_15/svcomp_c.08.c,YES
svcomp_easySum.c,TPDB_Y2024_filtered_VBS/Stroeder_15/svcomp_easySum.c,YES
svcomp_ex1.c,TPDB_Y2024_filtered_VBS/Stroeder_15/svcomp_ex1.c,YES
svcomp_ex2.c,TPDB_Y2024_filtered_VBS/Stroeder_15/svcomp_ex2.c,YES
svcomp_ex3a.c,TPDB_Y2024_filtered_VBS/Stroeder_15/svcomp_ex3a.c,YES
svcomp_ex3b.c,TPDB_Y2024_filtered_VBS/Stroeder_15/svcomp_ex3b.c,YES
svcomp_fermat.c,TPDB_Y2024_filtered_VBS/Stroeder_15/svcomp_fermat.c,YES
svcomp_flag.c,TPDB_Y2024_filtered_VBS/Stroeder_15/svcomp_flag.c,YES
svcomp_java_AG313.c,TPDB_Y2024_filtered_VBS/Stroeder_15/svcomp_java_AG313.c,YES
svcomp_java_Break.c,TPDB_Y2024_filtered_VBS/Stroeder_15/svcomp_java_Break.c,YES
svcomp_java_Continue1.c,TPDB_Y2024_filtered_VBS/Stroeder_15/svcomp_java_Continue1.c,YES
svcomp_java_Nested.c,TPDB_Y2024_filtered_VBS/Stroeder_15/svcomp_java_Nested.c,YES
svcomp_java_Sequence.c,TPDB_Y2024_filtered_VBS/Stroeder_15/svcomp_java_Sequence.c,YES
Swingers.c,TPDB_Y2024_filtered_VBS/Stroeder_15/Swingers.c,NO
TelAviv-Amir-Minimum_true-termination.c,TPDB_Y2024_filtered_VBS/Stroeder_15/TelAviv-Amir-Minimum_true-termination.c,YES
Thun_true-termination.c,TPDB_Y2024_filtered_VBS/Stroeder_15/Thun_true-termination.c,YES
Toulouse-BranchesToLoop_true-termination.c,TPDB_Y2024_filtered_VBS/Stroeder_15/Toulouse-BranchesToLoop_true-termination.c,YES
Toulouse-MultiBranchesToLoop_true-termination.c,TPDB_Y2024_filtered_VBS/Stroeder_15/Toulouse-MultiBranchesToLoop_true-termination.c,YES
TrueDiv.c,TPDB_Y2024_filtered_VBS/Stroeder_15/TrueDiv.c,NO
TwoFloatInterv.c,TPDB_Y2024_filtered_VBS/Stroeder_15/TwoFloatInterv.c,NO
UpAndDown.c,TPDB_Y2024_filtered_VBS/Stroeder_15/UpAndDown.c,NO
UpAndDownIneq.c,TPDB_Y2024_filtered_VBS/Stroeder_15/UpAndDownIneq.c,NO
Urban-WST2013-Fig1_false-termination.c,TPDB_Y2024_filtered_VBS/Stroeder_15/Urban-WST2013-Fig1_false-termination.c,NO
Urban-WST2013-Fig2-modified1000_true-termination.c,TPDB_Y2024_filtered_VBS/Stroeder_15/Urban-WST2013-Fig2-modified1000_true-termination.c,YES
Urban-WST2013-Fig2_true-termination.c,TPDB_Y2024_filtered_VBS/Stroeder_15/Urban-WST2013-Fig2_true-termination.c,YES
UrbanMine-ESOP2014-Fig3_true-termination.c,TPDB_Y2024_filtered_VBS/Stroeder_15/UrbanMine-ESOP2014-Fig3_true-termination.c,YES
Velroyen_false-termination.c,TPDB_Y2024_filtered_VBS/Stroeder_15/Velroyen_false-termination.c,NO
Waldkirch_true-termination.c,TPDB_Y2024_filtered_VBS/Stroeder_15/Waldkirch_true-termination.c,YES
WhileDecr.c,TPDB_Y2024_filtered_VBS/Stroeder_15/WhileDecr.c,YES
WhileFalse_true-termination.c,TPDB_Y2024_filtered_VBS/Stroeder_15/WhileFalse_true-termination.c,YES
WhileIncr.c,TPDB_Y2024_filtered_VBS/Stroeder_15/WhileIncr.c,NO
WhileIncrPart.c,TPDB_Y2024_filtered_VBS/Stroeder_15/WhileIncrPart.c,NO
WhileNested.c,TPDB_Y2024_filtered_VBS/Stroeder_15/WhileNested.c,NO
WhileNestedOffset.c,TPDB_Y2024_filtered_VBS/Stroeder_15/WhileNestedOffset.c,NO
WhilePart.c,TPDB_Y2024_filtered_VBS/Stroeder_15/WhilePart.c,NO
WhileSingle.c,TPDB_Y2024_filtered_VBS/Stroeder_15/WhileSingle.c,NO
WhileTrue.c,TPDB_Y2024_filtered_VBS/Stroeder_15/WhileTrue.c,NO
WhileTrue_false-termination.c,TPDB_Y2024_filtered_VBS/Stroeder_15/WhileTrue_false-termination.c,NO
asc_ll_search_last.c,TPDB_Y2024_filtered_VBS/Hensel_22/asc_ll_search_last.c,YES
cyclic_ll_search_last.c,TPDB_Y2024_filtered_VBS/Hensel_22/cyclic_ll_search_last.c,MAYBE
desc_ll_search-ptrdiff_existing.c,TPDB_Y2024_filtered_VBS/Hensel_22/desc_ll_search-ptrdiff_existing.c,YES
desc_ll_search_existing.c,TPDB_Y2024_filtered_VBS/Hensel_22/desc_ll_search_existing.c,YES
desc_ll_search_last.c,TPDB_Y2024_filtered_VBS/Hensel_22/desc_ll_search_last.c,YES
desc_ll_search_mod.c,TPDB_Y2024_filtered_VBS/Hensel_22/desc_ll_search_mod.c,YES
desc_ll_with_offset_search.c,TPDB_Y2024_filtered_VBS/Hensel_22/desc_ll_with_offset_search.c,YES
nondet_ll_delete.c,TPDB_Y2024_filtered_VBS/Hensel_22/nondet_ll_delete.c,YES
nondet_ll_init.c,TPDB_Y2024_filtered_VBS/Hensel_22/nondet_ll_init.c,YES
nondet_ll_init_rec.c,TPDB_Y2024_filtered_VBS/Hensel_22/nondet_ll_init_rec.c,YES
nondet_ll_insert.c,TPDB_Y2024_filtered_VBS/Hensel_22/nondet_ll_insert.c,YES
nondet_ll_search_last_n.c,TPDB_Y2024_filtered_VBS/Hensel_22/nondet_ll_search_last_n.c,YES
nondet_ll_search_last_zero.c,TPDB_Y2024_filtered_VBS/Hensel_22/nondet_ll_search_last_zero.c,YES
nondet_ll_search_zero.c,TPDB_Y2024_filtered_VBS/Hensel_22/nondet_ll_search_zero.c,YES
nondet_ll_skip.c,TPDB_Y2024_filtered_VBS/Hensel_22/nondet_ll_skip.c,YES
nondet_ll_traverse-ptrdiff.c,TPDB_Y2024_filtered_VBS/Hensel_22/nondet_ll_traverse-ptrdiff.c,YES
nondet_ll_traverse.c,TPDB_Y2024_filtered_VBS/Hensel_22/nondet_ll_traverse.c,YES
nondet_ll_traverse_rec.c,TPDB_Y2024_filtered_VBS/Hensel_22/nondet_ll_traverse_rec.c,YES
svcomp_add_last_unsafe.c,TPDB_Y2024_filtered_VBS/AProVE_memory_unsafe/svcomp_add_last_unsafe.c,MAYBE
svcomp_bubblesort_unsafe.c,TPDB_Y2024_filtered_VBS/AProVE_memory_unsafe/svcomp_bubblesort_unsafe.c,MAYBE
svcomp_bubble_sort_unsafe.c,TPDB_Y2024_filtered_VBS/AProVE_memory_unsafe/svcomp_bubble_sort_unsafe.c,MAYBE
svcomp_count_down_unsafe.c,TPDB_Y2024_filtered_VBS/AProVE_memory_unsafe/svcomp_count_down_unsafe.c,MAYBE
svcomp_cstrcat_unsafe.c,TPDB_Y2024_filtered_VBS/AProVE_memory_unsafe/svcomp_cstrcat_unsafe.c,MAYBE
svcomp_cstrchr_unsafe.c,TPDB_Y2024_filtered_VBS/AProVE_memory_unsafe/svcomp_cstrchr_unsafe.c,MAYBE
svcomp_cstrcpy_unsafe.c,TPDB_Y2024_filtered_VBS/AProVE_memory_unsafe/svcomp_cstrcpy_unsafe.c,MAYBE
svcomp_cstrlen_unsafe.c,TPDB_Y2024_filtered_VBS/AProVE_memory_unsafe/svcomp_cstrlen_unsafe.c,MAYBE
svcomp_cstrncat_unsafe.c,TPDB_Y2024_filtered_VBS/AProVE_memory_unsafe/svcomp_cstrncat_unsafe.c,MAYBE
svcomp_cstrncpy_unsafe.c,TPDB_Y2024_filtered_VBS/AProVE_memory_unsafe/svcomp_cstrncpy_unsafe.c,MAYBE
svcomp_cstrpbrk_unsafe.c,TPDB_Y2024_filtered_VBS/AProVE_memory_unsafe/svcomp_cstrpbrk_unsafe.c,MAYBE
svcomp_delete_alloca_unsafe.c,TPDB_Y2024_filtered_VBS/AProVE_memory_unsafe/svcomp_delete_alloca_unsafe.c,MAYBE
svcomp_delete_unsafe.c,TPDB_Y2024_filtered_VBS/AProVE_memory_unsafe/svcomp_delete_unsafe.c,MAYBE
svcomp_diff_usafe.c,TPDB_Y2024_filtered_VBS/AProVE_memory_unsafe/svcomp_diff_usafe.c,MAYBE
svcomp_insertionsort_unsafe.c,TPDB_Y2024_filtered_VBS/AProVE_memory_unsafe/svcomp_insertionsort_unsafe.c,MAYBE
svcomp_insertion_sort_unsafe.c,TPDB_Y2024_filtered_VBS/AProVE_memory_unsafe/svcomp_insertion_sort_unsafe.c,MAYBE
svcomp_java_BubbleSort_unsafe.c,TPDB_Y2024_filtered_VBS/AProVE_memory_unsafe/svcomp_java_BubbleSort_unsafe.c,MAYBE
svcomp_knapsack_alloca_unsafe.c,TPDB_Y2024_filtered_VBS/AProVE_memory_unsafe/svcomp_knapsack_alloca_unsafe.c,MAYBE
svcomp_knapsack_unsafe.c,TPDB_Y2024_filtered_VBS/AProVE_memory_unsafe/svcomp_knapsack_unsafe.c,MAYBE
svcomp_lis_unsafe.c,TPDB_Y2024_filtered_VBS/AProVE_memory_unsafe/svcomp_lis_unsafe.c,MAYBE
svcomp_mult_array_unsafe.c,TPDB_Y2024_filtered_VBS/AProVE_memory_unsafe/svcomp_mult_array_unsafe.c,MAYBE
svcomp_reverse_array_alloca_unsafe.c,TPDB_Y2024_filtered_VBS/AProVE_memory_unsafe/svcomp_reverse_array_alloca_unsafe.c,MAYBE
svcomp_reverse_array_unsafe.c,TPDB_Y2024_filtered_VBS/AProVE_memory_unsafe/svcomp_reverse_array_unsafe.c,MAYBE
svcomp_selectionsort_unsafe.c,TPDB_Y2024_filtered_VBS/AProVE_memory_unsafe/svcomp_selectionsort_unsafe.c,MAYBE
svcomp_selection_sort_unsafe.c,TPDB_Y2024_filtered_VBS/AProVE_memory_unsafe/svcomp_selection_sort_unsafe.c,MAYBE
svcomp_stroeder1_unsafe.c,TPDB_Y2024_filtered_VBS/AProVE_memory_unsafe/svcomp_stroeder1_unsafe.c,MAYBE
svcomp_stroeder2_unsafe.c,TPDB_Y2024_filtered_VBS/AProVE_memory_unsafe/svcomp_stroeder2_unsafe.c,MAYBE
svcomp_a.01-alloca.c,TPDB_Y2024_filtered_VBS/AProVE_memory_alloca/svcomp_a.01-alloca.c,YES
svcomp_a.04-alloca.c,TPDB_Y2024_filtered_VBS/AProVE_memory_alloca/svcomp_a.04-alloca.c,YES
svcomp_a.05-alloca.c,TPDB_Y2024_filtered_VBS/AProVE_memory_alloca/svcomp_a.05-alloca.c,YES
svcomp_a.06-alloca.c,TPDB_Y2024_filtered_VBS/AProVE_memory_alloca/svcomp_a.06-alloca.c,YES
svcomp_a.07-alloca.c,TPDB_Y2024_filtered_VBS/AProVE_memory_alloca/svcomp_a.07-alloca.c,YES
svcomp_a.08-alloca.c,TPDB_Y2024_filtered_VBS/AProVE_memory_alloca/svcomp_a.08-alloca.c,YES
svcomp_a.09_assume-alloca.c,TPDB_Y2024_filtered_VBS/AProVE_memory_alloca/svcomp_a.09_assume-alloca.c,YES
svcomp_a.10-alloca.c,TPDB_Y2024_filtered_VBS/AProVE_memory_alloca/svcomp_a.10-alloca.c,YES
svcomp_add_last_alloca.c,TPDB_Y2024_filtered_VBS/AProVE_memory_alloca/svcomp_add_last_alloca.c,MAYBE
svcomp_array01_alloca.c,TPDB_Y2024_filtered_VBS/AProVE_memory_alloca/svcomp_array01_alloca.c,YES
svcomp_array02_alloca.c,TPDB_Y2024_filtered_VBS/AProVE_memory_alloca/svcomp_array02_alloca.c,YES
svcomp_array03_alloca.c,TPDB_Y2024_filtered_VBS/AProVE_memory_alloca/svcomp_array03_alloca.c,YES
svcomp_Avery-2006FLOPS-Tabel1_true-alloca.c,TPDB_Y2024_filtered_VBS/AProVE_memory_alloca/svcomp_Avery-2006FLOPS-Tabel1_true-alloca.c,YES
svcomp_aviad_true-alloca.c,TPDB_Y2024_filtered_VBS/AProVE_memory_alloca/svcomp_aviad_true-alloca.c,YES
svcomp_b.01-alloca.c,TPDB_Y2024_filtered_VBS/AProVE_memory_alloca/svcomp_b.01-alloca.c,YES
svcomp_b.02-alloca.c,TPDB_Y2024_filtered_VBS/AProVE_memory_alloca/svcomp_b.02-alloca.c,YES
svcomp_b.03-no-inv_assume-alloca.c,TPDB_Y2024_filtered_VBS/AProVE_memory_alloca/svcomp_b.03-no-inv_assume-alloca.c,YES
svcomp_b.03_assume-alloca.c,TPDB_Y2024_filtered_VBS/AProVE_memory_alloca/svcomp_b.03_assume-alloca.c,YES
svcomp_b.04-alloca.c,TPDB_Y2024_filtered_VBS/AProVE_memory_alloca/svcomp_b.04-alloca.c,YES
svcomp_b.05-alloca.c,TPDB_Y2024_filtered_VBS/AProVE_memory_alloca/svcomp_b.05-alloca.c,YES
svcomp_b.06-alloca.c,TPDB_Y2024_filtered_VBS/AProVE_memory_alloca/svcomp_b.06-alloca.c,YES
svcomp_b.07-alloca.c,TPDB_Y2024_filtered_VBS/AProVE_memory_alloca/svcomp_b.07-alloca.c,YES
svcomp_b.09-no-inv_assume-alloca.c,TPDB_Y2024_filtered_VBS/AProVE_memory_alloca/svcomp_b.09-no-inv_assume-alloca.c,YES
svcomp_b.09_assume-alloca.c,TPDB_Y2024_filtered_VBS/AProVE_memory_alloca/svcomp_b.09_assume-alloca.c,YES
svcomp_b.10-alloca.c,TPDB_Y2024_filtered_VBS/AProVE_memory_alloca/svcomp_b.10-alloca.c,YES
svcomp_b.11-alloca.c,TPDB_Y2024_filtered_VBS/AProVE_memory_alloca/svcomp_b.11-alloca.c,YES
svcomp_b.12-alloca.c,TPDB_Y2024_filtered_VBS/AProVE_memory_alloca/svcomp_b.12-alloca.c,YES
svcomp_b.13-alloca.c,TPDB_Y2024_filtered_VBS/AProVE_memory_alloca/svcomp_b.13-alloca.c,YES
svcomp_b.14-alloca.c,TPDB_Y2024_filtered_VBS/AProVE_memory_alloca/svcomp_b.14-alloca.c,YES
svcomp_b.15-alloca.c,TPDB_Y2024_filtered_VBS/AProVE_memory_alloca/svcomp_b.15-alloca.c,YES
svcomp_b.16-alloca.c,TPDB_Y2024_filtered_VBS/AProVE_memory_alloca/svcomp_b.16-alloca.c,YES
svcomp_b.17-alloca.c,TPDB_Y2024_filtered_VBS/AProVE_memory_alloca/svcomp_b.17-alloca.c,YES
svcomp_b.18-alloca.c,TPDB_Y2024_filtered_VBS/AProVE_memory_alloca/svcomp_b.18-alloca.c,YES
svcomp_Ben-Amram-2010LMCS-Ex2.3_true-alloca.c,TPDB_Y2024_filtered_VBS/AProVE_memory_alloca/svcomp_Ben-Amram-2010LMCS-Ex2.3_true-alloca.c,YES
svcomp_BradleyMannaSipma-2005CAV-Fig1-modified_false-termination.c,TPDB_Y2024_filtered_VBS/AProVE_memory_alloca/svcomp_BradleyMannaSipma-2005CAV-Fig1-modified_false-termination.c,NO
svcomp_BradleyMannaSipma-2005CAV-Fig1_true-alloca.c,TPDB_Y2024_filtered_VBS/AProVE_memory_alloca/svcomp_BradleyMannaSipma-2005CAV-Fig1_true-alloca.c,MAYBE
svcomp_BradleyMannaSipma-2005ICALP-Fig1_true-alloca.c,TPDB_Y2024_filtered_VBS/AProVE_memory_alloca/svcomp_BradleyMannaSipma-2005ICALP-Fig1_true-alloca.c,NO
svcomp_BrockschmidtCookFuhs-2013CAV-Fig1_true-alloca.c,TPDB_Y2024_filtered_VBS/AProVE_memory_alloca/svcomp_BrockschmidtCookFuhs-2013CAV-Fig1_true-alloca.c,YES
svcomp_BrockschmidtCookFuhs-2013CAV-Introduction_true-alloca.c,TPDB_Y2024_filtered_VBS/AProVE_memory_alloca/svcomp_BrockschmidtCookFuhs-2013CAV-Introduction_true-alloca.c,YES
svcomp_bubblesort_alloca.c,TPDB_Y2024_filtered_VBS/AProVE_memory_alloca/svcomp_bubblesort_alloca.c,YES
svcomp_c.01-no-inv-alloca.c,TPDB_Y2024_filtered_VBS/AProVE_memory_alloca/svcomp_c.01-no-inv-alloca.c,YES
svcomp_c.01_assume-alloca.c,TPDB_Y2024_filtered_VBS/AProVE_memory_alloca/svcomp_c.01_assume-alloca.c,YES
svcomp_c.02-alloca.c,TPDB_Y2024_filtered_VBS/AProVE_memory_alloca/svcomp_c.02-alloca.c,YES
svcomp_c.03-alloca.c,TPDB_Y2024_filtered_VBS/AProVE_memory_alloca/svcomp_c.03-alloca.c,YES
svcomp_c.07-alloca.c,TPDB_Y2024_filtered_VBS/AProVE_memory_alloca/svcomp_c.07-alloca.c,YES
svcomp_c.08-alloca.c,TPDB_Y2024_filtered_VBS/AProVE_memory_alloca/svcomp_c.08-alloca.c,YES
svcomp_ChenFlurMukhopadhyay-2012SAS-Fig1_true-alloca.c,TPDB_Y2024_filtered_VBS/AProVE_memory_alloca/svcomp_ChenFlurMukhopadhyay-2012SAS-Fig1_true-alloca.c,YES
svcomp_CookSeeZuleger-2013TACAS-Fig3_true-alloca.c,TPDB_Y2024_filtered_VBS/AProVE_memory_alloca/svcomp_CookSeeZuleger-2013TACAS-Fig3_true-alloca.c,YES
svcomp_CookSeeZuleger-2013TACAS-Fig7a_true-alloca.c,TPDB_Y2024_filtered_VBS/AProVE_memory_alloca/svcomp_CookSeeZuleger-2013TACAS-Fig7a_true-alloca.c,YES
svcomp_CookSeeZuleger-2013TACAS-Fig7b_true-alloca.c,TPDB_Y2024_filtered_VBS/AProVE_memory_alloca/svcomp_CookSeeZuleger-2013TACAS-Fig7b_true-alloca.c,YES
svcomp_count_down_alloca.c,TPDB_Y2024_filtered_VBS/AProVE_memory_alloca/svcomp_count_down_alloca.c,YES
svcomp_cstrcat_alloca.c,TPDB_Y2024_filtered_VBS/AProVE_memory_alloca/svcomp_cstrcat_alloca.c,MAYBE
svcomp_cstrchr_true_alloca.c,TPDB_Y2024_filtered_VBS/AProVE_memory_alloca/svcomp_cstrchr_true_alloca.c,YES
svcomp_cstrcmp_true_alloca.c,TPDB_Y2024_filtered_VBS/AProVE_memory_alloca/svcomp_cstrcmp_true_alloca.c,YES
svcomp_cstrcpy_alloca.c,TPDB_Y2024_filtered_VBS/AProVE_memory_alloca/svcomp_cstrcpy_alloca.c,YES
svcomp_cstrcspn_true_alloca.c,TPDB_Y2024_filtered_VBS/AProVE_memory_alloca/svcomp_cstrcspn_true_alloca.c,YES
svcomp_cstrlen_true_alloca.c,TPDB_Y2024_filtered_VBS/AProVE_memory_alloca/svcomp_cstrlen_true_alloca.c,YES
svcomp_cstrncat_alloca.c,TPDB_Y2024_filtered_VBS/AProVE_memory_alloca/svcomp_cstrncat_alloca.c,MAYBE
svcomp_cstrncmp_true_alloca.c,TPDB_Y2024_filtered_VBS/AProVE_memory_alloca/svcomp_cstrncmp_true_alloca.c,YES
svcomp_cstrncpy_alloca.c,TPDB_Y2024_filtered_VBS/AProVE_memory_alloca/svcomp_cstrncpy_alloca.c,YES
svcomp_cstrpbrk_true_alloca.c,TPDB_Y2024_filtered_VBS/AProVE_memory_alloca/svcomp_cstrpbrk_true_alloca.c,YES
svcomp_cstrspn_true_alloca.c,TPDB_Y2024_filtered_VBS/AProVE_memory_alloca/svcomp_cstrspn_true_alloca.c,YES
svcomp_diff_alloca.c,TPDB_Y2024_filtered_VBS/AProVE_memory_alloca/svcomp_diff_alloca.c,YES
svcomp_easySum-alloca.c,TPDB_Y2024_filtered_VBS/AProVE_memory_alloca/svcomp_easySum-alloca.c,YES
svcomp_ex1-alloca.c,TPDB_Y2024_filtered_VBS/AProVE_memory_alloca/svcomp_ex1-alloca.c,YES
svcomp_ex2-alloca.c,TPDB_Y2024_filtered_VBS/AProVE_memory_alloca/svcomp_ex2-alloca.c,MAYBE
svcomp_ex3a-alloca.c,TPDB_Y2024_filtered_VBS/AProVE_memory_alloca/svcomp_ex3a-alloca.c,YES
svcomp_ex3b-alloca.c,TPDB_Y2024_filtered_VBS/AProVE_memory_alloca/svcomp_ex3b-alloca.c,YES
svcomp_fermat-alloca.c,TPDB_Y2024_filtered_VBS/AProVE_memory_alloca/svcomp_fermat-alloca.c,YES
svcomp_flag-alloca.c,TPDB_Y2024_filtered_VBS/AProVE_memory_alloca/svcomp_flag-alloca.c,YES
svcomp_gcd1_true-alloca.c,TPDB_Y2024_filtered_VBS/AProVE_memory_alloca/svcomp_gcd1_true-alloca.c,YES
svcomp_genady_true-alloca.c,TPDB_Y2024_filtered_VBS/AProVE_memory_alloca/svcomp_genady_true-alloca.c,YES
svcomp_GulwaniJainKoskinen-2009PLDI-Fig1_true-alloca.c,TPDB_Y2024_filtered_VBS/AProVE_memory_alloca/svcomp_GulwaniJainKoskinen-2009PLDI-Fig1_true-alloca.c,YES
svcomp_HarrisLalNoriRajamani-2010SAS-Fig1_true-alloca.c,TPDB_Y2024_filtered_VBS/AProVE_memory_alloca/svcomp_HarrisLalNoriRajamani-2010SAS-Fig1_true-alloca.c,YES
svcomp_HarrisLalNoriRajamani-2010SAS-Fig2_false-unreach-label-termination-alloca.c,TPDB_Y2024_filtered_VBS/AProVE_memory_alloca/svcomp_HarrisLalNoriRajamani-2010SAS-Fig2_false-unreach-label-termination-alloca.c,NO
svcomp_HarrisLalNoriRajamani-2010SAS-Fig3_true-alloca.c,TPDB_Y2024_filtered_VBS/AProVE_memory_alloca/svcomp_HarrisLalNoriRajamani-2010SAS-Fig3_true-alloca.c,YES
svcomp_insertionsort_alloca.c,TPDB_Y2024_filtered_VBS/AProVE_memory_alloca/svcomp_insertionsort_alloca.c,YES
svcomp_java_AG313-alloca.c,TPDB_Y2024_filtered_VBS/AProVE_memory_alloca/svcomp_java_AG313-alloca.c,YES
svcomp_java_Break-alloca.c,TPDB_Y2024_filtered_VBS/AProVE_memory_alloca/svcomp_java_Break-alloca.c,YES
svcomp_java_BubbleSort_alloca.c,TPDB_Y2024_filtered_VBS/AProVE_memory_alloca/svcomp_java_BubbleSort_alloca.c,YES
svcomp_java_Continue1-alloca.c,TPDB_Y2024_filtered_VBS/AProVE_memory_alloca/svcomp_java_Continue1-alloca.c,YES
svcomp_java_LogBuiltIn-alloca.c,TPDB_Y2024_filtered_VBS/AProVE_memory_alloca/svcomp_java_LogBuiltIn-alloca.c,YES
svcomp_java_Nested-alloca.c,TPDB_Y2024_filtered_VBS/AProVE_memory_alloca/svcomp_java_Nested-alloca.c,YES
svcomp_java_Sequence-alloca.c,TPDB_Y2024_filtered_VBS/AProVE_memory_alloca/svcomp_java_Sequence-alloca.c,YES
svcomp_KroeningSharyginaTsitovichWintersteiger-2010CAV-Fig1_true-alloca.c,TPDB_Y2024_filtered_VBS/AProVE_memory_alloca/svcomp_KroeningSharyginaTsitovichWintersteiger-2010CAV-Fig1_true-alloca.c,YES
svcomp_LarrazOliverasRodriguez-CarbonellRubio-2013FMCAD-Fig1_true-alloca.c,TPDB_Y2024_filtered_VBS/AProVE_memory_alloca/svcomp_LarrazOliverasRodriguez-CarbonellRubio-2013FMCAD-Fig1_true-alloca.c,YES
svcomp_lis_alloca.c,TPDB_Y2024_filtered_VBS/AProVE_memory_alloca/svcomp_lis_alloca.c,YES
svcomp_Masse_true-alloca.c,TPDB_Y2024_filtered_VBS/AProVE_memory_alloca/svcomp_Masse_true-alloca.c,MAYBE
svcomp_min_rf_true-alloca.c,TPDB_Y2024_filtered_VBS/AProVE_memory_alloca/svcomp_min_rf_true-alloca.c,YES
svcomp_mult_array_alloca.c,TPDB_Y2024_filtered_VBS/AProVE_memory_alloca/svcomp_mult_array_alloca.c,YES
svcomp_NoriSharma-2013FSE-Fig7_true-alloca.c,TPDB_Y2024_filtered_VBS/AProVE_memory_alloca/svcomp_NoriSharma-2013FSE-Fig7_true-alloca.c,YES
svcomp_NoriSharma-2013FSE-Fig8_true-alloca.c,TPDB_Y2024_filtered_VBS/AProVE_memory_alloca/svcomp_NoriSharma-2013FSE-Fig8_true-alloca.c,YES
svcomp_openbsd_cbzero_alloca.c,TPDB_Y2024_filtered_VBS/AProVE_memory_alloca/svcomp_openbsd_cbzero_alloca.c,YES
svcomp_openbsd_cmemchr_alloca.c,TPDB_Y2024_filtered_VBS/AProVE_memory_alloca/svcomp_openbsd_cmemchr_alloca.c,YES
svcomp_openbsd_cmemrchr_alloca.c,TPDB_Y2024_filtered_VBS/AProVE_memory_alloca/svcomp_openbsd_cmemrchr_alloca.c,MAYBE
svcomp_openbsd_cmemset_alloca.c,TPDB_Y2024_filtered_VBS/AProVE_memory_alloca/svcomp_openbsd_cmemset_alloca.c,YES
svcomp_openbsd_cstpcpy_alloca.c,TPDB_Y2024_filtered_VBS/AProVE_memory_alloca/svcomp_openbsd_cstpcpy_alloca.c,YES
svcomp_openbsd_cstpncpy_alloca.c,TPDB_Y2024_filtered_VBS/AProVE_memory_alloca/svcomp_openbsd_cstpncpy_alloca.c,YES
svcomp_openbsd_cstrcat_alloca.c,TPDB_Y2024_filtered_VBS/AProVE_memory_alloca/svcomp_openbsd_cstrcat_alloca.c,MAYBE
svcomp_openbsd_cstrcmp_alloca.c,TPDB_Y2024_filtered_VBS/AProVE_memory_alloca/svcomp_openbsd_cstrcmp_alloca.c,YES
svcomp_openbsd_cstrcpy_alloca.c,TPDB_Y2024_filtered_VBS/AProVE_memory_alloca/svcomp_openbsd_cstrcpy_alloca.c,YES
svcomp_openbsd_cstrcspn_alloca.c,TPDB_Y2024_filtered_VBS/AProVE_memory_alloca/svcomp_openbsd_cstrcspn_alloca.c,MAYBE
svcomp_openbsd_cstrlcpy_alloca.c,TPDB_Y2024_filtered_VBS/AProVE_memory_alloca/svcomp_openbsd_cstrlcpy_alloca.c,YES
svcomp_openbsd_cstrlen_alloca.c,TPDB_Y2024_filtered_VBS/AProVE_memory_alloca/svcomp_openbsd_cstrlen_alloca.c,YES
svcomp_openbsd_cstrncat_alloca.c,TPDB_Y2024_filtered_VBS/AProVE_memory_alloca/svcomp_openbsd_cstrncat_alloca.c,MAYBE
svcomp_openbsd_cstrncmp_alloca.c,TPDB_Y2024_filtered_VBS/AProVE_memory_alloca/svcomp_openbsd_cstrncmp_alloca.c,YES
svcomp_openbsd_cstrncpy_alloca.c,TPDB_Y2024_filtered_VBS/AProVE_memory_alloca/svcomp_openbsd_cstrncpy_alloca.c,YES
svcomp_openbsd_cstrnlen_alloca.c,TPDB_Y2024_filtered_VBS/AProVE_memory_alloca/svcomp_openbsd_cstrnlen_alloca.c,YES
svcomp_openbsd_cstrpbrk_alloca.c,TPDB_Y2024_filtered_VBS/AProVE_memory_alloca/svcomp_openbsd_cstrpbrk_alloca.c,YES
svcomp_openbsd_cstrspn_alloca.c,TPDB_Y2024_filtered_VBS/AProVE_memory_alloca/svcomp_openbsd_cstrspn_alloca.c,YES
svcomp_openbsd_cstrstr_alloca.c,TPDB_Y2024_filtered_VBS/AProVE_memory_alloca/svcomp_openbsd_cstrstr_alloca.c,YES
svcomp_PodelskiRybalchenko-2004VMCAI-Ex2_true-alloca.c,TPDB_Y2024_filtered_VBS/AProVE_memory_alloca/svcomp_PodelskiRybalchenko-2004VMCAI-Ex2_true-alloca.c,NO
svcomp_selectionsort_alloca.c,TPDB_Y2024_filtered_VBS/AProVE_memory_alloca/svcomp_selectionsort_alloca.c,YES
svcomp_stroeder1_alloca.c,TPDB_Y2024_filtered_VBS/AProVE_memory_alloca/svcomp_stroeder1_alloca.c,YES
svcomp_stroeder2_alloca.c,TPDB_Y2024_filtered_VBS/AProVE_memory_alloca/svcomp_stroeder2_alloca.c,YES
svcomp_strreplace_alloca.c,TPDB_Y2024_filtered_VBS/AProVE_memory_alloca/svcomp_strreplace_alloca.c,YES
svcomp_subseq_alloca.c,TPDB_Y2024_filtered_VBS/AProVE_memory_alloca/svcomp_subseq_alloca.c,YES
svcomp_substring_alloca.c,TPDB_Y2024_filtered_VBS/AProVE_memory_alloca/svcomp_substring_alloca.c,YES
svcomp_TelAviv-Amir-Minimum_true-alloca.c,TPDB_Y2024_filtered_VBS/AProVE_memory_alloca/svcomp_TelAviv-Amir-Minimum_true-alloca.c,MAYBE
svcomp_Toulouse-BranchesToLoop_true-alloca.c,TPDB_Y2024_filtered_VBS/AProVE_memory_alloca/svcomp_Toulouse-BranchesToLoop_true-alloca.c,YES
svcomp_Toulouse-MultiBranchesToLoop_true-alloca.c,TPDB_Y2024_filtered_VBS/AProVE_memory_alloca/svcomp_Toulouse-MultiBranchesToLoop_true-alloca.c,YES
svcomp_twisted-alloca.c,TPDB_Y2024_filtered_VBS/AProVE_memory_alloca/svcomp_twisted-alloca.c,YES
svcomp_Urban-2013WST-Fig1_false-unreach-label-termination-alloca.c,TPDB_Y2024_filtered_VBS/AProVE_memory_alloca/svcomp_Urban-2013WST-Fig1_false-unreach-label-termination-alloca.c,NO
svcomp_Urban-2013WST-Fig2-modified1000_true-alloca.c,TPDB_Y2024_filtered_VBS/AProVE_memory_alloca/svcomp_Urban-2013WST-Fig2-modified1000_true-alloca.c,YES
svcomp_Urban-2013WST-Fig2_true-alloca.c,TPDB_Y2024_filtered_VBS/AProVE_memory_alloca/svcomp_Urban-2013WST-Fig2_true-alloca.c,YES
svcomp_Urban_true-alloca.c,TPDB_Y2024_filtered_VBS/AProVE_memory_alloca/svcomp_Urban_true-alloca.c,YES
svcomp_Velroyen_false-unreach-label-termination-alloca.c,TPDB_Y2024_filtered_VBS/AProVE_memory_alloca/svcomp_Velroyen_false-unreach-label-termination-alloca.c,NO
aaron2_true-termination.c,TPDB_Y2024_filtered_VBS/SV-COMP_Termination_Category/aaron2_true-termination.c,YES
aaron3_true-termination.c,TPDB_Y2024_filtered_VBS/SV-COMP_Termination_Category/aaron3_true-termination.c,YES
AliasDarteFeautrierGonnord-SAS2010-counterex1a_true-termination.c,TPDB_Y2024_filtered_VBS/SV-COMP_Termination_Category/AliasDarteFeautrierGonnord-SAS2010-counterex1a_true-termination.c,YES
AliasDarteFeautrierGonnord-SAS2010-counterex1b_true-termination.c,TPDB_Y2024_filtered_VBS/SV-COMP_Termination_Category/AliasDarteFeautrierGonnord-SAS2010-counterex1b_true-termination.c,YES
AliasDarteFeautrierGonnord-SAS2010-cousot9_true-termination.c,TPDB_Y2024_filtered_VBS/SV-COMP_Termination_Category/AliasDarteFeautrierGonnord-SAS2010-cousot9_true-termination.c,YES
AliasDarteFeautrierGonnord-SAS2010-Fig1_true-termination.c,TPDB_Y2024_filtered_VBS/SV-COMP_Termination_Category/AliasDarteFeautrierGonnord-SAS2010-Fig1_true-termination.c,YES
AliasDarteFeautrierGonnord-SAS2010-Fig2a_true-termination.c,TPDB_Y2024_filtered_VBS/SV-COMP_Termination_Category/AliasDarteFeautrierGonnord-SAS2010-Fig2a_true-termination.c,YES
AliasDarteFeautrierGonnord-SAS2010-Fig2b_true-termination.c,TPDB_Y2024_filtered_VBS/SV-COMP_Termination_Category/AliasDarteFeautrierGonnord-SAS2010-Fig2b_true-termination.c,YES
AliasDarteFeautrierGonnord-SAS2010-ndecr_true-termination.c,TPDB_Y2024_filtered_VBS/SV-COMP_Termination_Category/AliasDarteFeautrierGonnord-SAS2010-ndecr_true-termination.c,YES
AliasDarteFeautrierGonnord-SAS2010-nestedLoop_true-termination.c,TPDB_Y2024_filtered_VBS/SV-COMP_Termination_Category/AliasDarteFeautrierGonnord-SAS2010-nestedLoop_true-termination.c,YES
AliasDarteFeautrierGonnord-SAS2010-random1d_true-termination.c,TPDB_Y2024_filtered_VBS/SV-COMP_Termination_Category/AliasDarteFeautrierGonnord-SAS2010-random1d_true-termination.c,YES
AliasDarteFeautrierGonnord-SAS2010-rsd_true-termination.c,TPDB_Y2024_filtered_VBS/SV-COMP_Termination_Category/AliasDarteFeautrierGonnord-SAS2010-rsd_true-termination.c,YES
AliasDarteFeautrierGonnord-SAS2010-speedpldi2_true-termination.c,TPDB_Y2024_filtered_VBS/SV-COMP_Termination_Category/AliasDarteFeautrierGonnord-SAS2010-speedpldi2_true-termination.c,YES
AliasDarteFeautrierGonnord-SAS2010-speedpldi3_true-termination.c,TPDB_Y2024_filtered_VBS/SV-COMP_Termination_Category/AliasDarteFeautrierGonnord-SAS2010-speedpldi3_true-termination.c,YES
AliasDarteFeautrierGonnord-SAS2010-speedpldi4_true-termination.c,TPDB_Y2024_filtered_VBS/SV-COMP_Termination_Category/AliasDarteFeautrierGonnord-SAS2010-speedpldi4_true-termination.c,YES
AliasDarteFeautrierGonnord-SAS2010-terminate_true-termination.c,TPDB_Y2024_filtered_VBS/SV-COMP_Termination_Category/AliasDarteFeautrierGonnord-SAS2010-terminate_true-termination.c,YES
AliasDarteFeautrierGonnord-SAS2010-wcet2_true-termination.c,TPDB_Y2024_filtered_VBS/SV-COMP_Termination_Category/AliasDarteFeautrierGonnord-SAS2010-wcet2_true-termination.c,YES
AliasDarteFeautrierGonnord-SAS2010-while2_true-termination.c,TPDB_Y2024_filtered_VBS/SV-COMP_Termination_Category/AliasDarteFeautrierGonnord-SAS2010-while2_true-termination.c,YES
AliasDarteFeautrierGonnord-SAS2010-wise_true-termination.c,TPDB_Y2024_filtered_VBS/SV-COMP_Termination_Category/AliasDarteFeautrierGonnord-SAS2010-wise_true-termination.c,YES
Avery-FLOPS2006-Table1_true-termination.c,TPDB_Y2024_filtered_VBS/SV-COMP_Termination_Category/Avery-FLOPS2006-Table1_true-termination.c,YES
aviad_true-termination.c,TPDB_Y2024_filtered_VBS/SV-COMP_Termination_Category/aviad_true-termination.c,YES
BradleyMannaSipma-CAV2005-Fig1-modified_false-termination.c,TPDB_Y2024_filtered_VBS/SV-COMP_Termination_Category/BradleyMannaSipma-CAV2005-Fig1-modified_false-termination.c,NO
BradleyMannaSipma-CAV2005-Fig1_true-termination.c,TPDB_Y2024_filtered_VBS/SV-COMP_Termination_Category/BradleyMannaSipma-CAV2005-Fig1_true-termination.c,YES
BradleyMannaSipma-ICALP2005-Fig1_true-termination.c,TPDB_Y2024_filtered_VBS/SV-COMP_Termination_Category/BradleyMannaSipma-ICALP2005-Fig1_true-termination.c,YES
ChawdharyCookGulwaniSagivYang-ESOP2008-aaron12_true-termination.c,TPDB_Y2024_filtered_VBS/SV-COMP_Termination_Category/ChawdharyCookGulwaniSagivYang-ESOP2008-aaron12_true-termination.c,MAYBE
ChawdharyCookGulwaniSagivYang-ESOP2008-aaron1_true-termination.c,TPDB_Y2024_filtered_VBS/SV-COMP_Termination_Category/ChawdharyCookGulwaniSagivYang-ESOP2008-aaron1_true-termination.c,YES
ChawdharyCookGulwaniSagivYang-ESOP2008-aaron4_true-termination.c,TPDB_Y2024_filtered_VBS/SV-COMP_Termination_Category/ChawdharyCookGulwaniSagivYang-ESOP2008-aaron4_true-termination.c,YES
ChawdharyCookGulwaniSagivYang-ESOP2008-aaron6_true-termination.c,TPDB_Y2024_filtered_VBS/SV-COMP_Termination_Category/ChawdharyCookGulwaniSagivYang-ESOP2008-aaron6_true-termination.c,YES
ChawdharyCookGulwaniSagivYang-ESOP2008-random1d_true-termination.c,TPDB_Y2024_filtered_VBS/SV-COMP_Termination_Category/ChawdharyCookGulwaniSagivYang-ESOP2008-random1d_true-termination.c,YES
ChenFlurMukhopadhyay-SAS2012-Ex1.02_true-termination.c,TPDB_Y2024_filtered_VBS/SV-COMP_Termination_Category/ChenFlurMukhopadhyay-SAS2012-Ex1.02_true-termination.c,YES
ChenFlurMukhopadhyay-SAS2012-Ex1.03_true-termination.c,TPDB_Y2024_filtered_VBS/SV-COMP_Termination_Category/ChenFlurMukhopadhyay-SAS2012-Ex1.03_true-termination.c,YES
ChenFlurMukhopadhyay-SAS2012-Ex1.04_true-termination.c,TPDB_Y2024_filtered_VBS/SV-COMP_Termination_Category/ChenFlurMukhopadhyay-SAS2012-Ex1.04_true-termination.c,YES
ChenFlurMukhopadhyay-SAS2012-Ex1.05_true-termination.c,TPDB_Y2024_filtered_VBS/SV-COMP_Termination_Category/ChenFlurMukhopadhyay-SAS2012-Ex1.05_true-termination.c,YES
ChenFlurMukhopadhyay-SAS2012-Ex2.01_true-termination.c,TPDB_Y2024_filtered_VBS/SV-COMP_Termination_Category/ChenFlurMukhopadhyay-SAS2012-Ex2.01_true-termination.c,YES
ChenFlurMukhopadhyay-SAS2012-Ex2.02_false-termination.c,TPDB_Y2024_filtered_VBS/SV-COMP_Termination_Category/ChenFlurMukhopadhyay-SAS2012-Ex2.02_false-termination.c,NO
ChenFlurMukhopadhyay-SAS2012-Ex2.05_false-termination.c,TPDB_Y2024_filtered_VBS/SV-COMP_Termination_Category/ChenFlurMukhopadhyay-SAS2012-Ex2.05_false-termination.c,NO
ChenFlurMukhopadhyay-SAS2012-Ex2.07_true-termination.c,TPDB_Y2024_filtered_VBS/SV-COMP_Termination_Category/ChenFlurMukhopadhyay-SAS2012-Ex2.07_true-termination.c,YES
ChenFlurMukhopadhyay-SAS2012-Ex2.08_true-termination.c,TPDB_Y2024_filtered_VBS/SV-COMP_Termination_Category/ChenFlurMukhopadhyay-SAS2012-Ex2.08_true-termination.c,YES
ChenFlurMukhopadhyay-SAS2012-Ex2.10_true-termination.c,TPDB_Y2024_filtered_VBS/SV-COMP_Termination_Category/ChenFlurMukhopadhyay-SAS2012-Ex2.10_true-termination.c,YES
ChenFlurMukhopadhyay-SAS2012-Ex2.13_true-termination.c,TPDB_Y2024_filtered_VBS/SV-COMP_Termination_Category/ChenFlurMukhopadhyay-SAS2012-Ex2.13_true-termination.c,YES
ChenFlurMukhopadhyay-SAS2012-Ex2.16_true-termination.c,TPDB_Y2024_filtered_VBS/SV-COMP_Termination_Category/ChenFlurMukhopadhyay-SAS2012-Ex2.16_true-termination.c,YES
ChenFlurMukhopadhyay-SAS2012-Ex2.17_false-termination.c,TPDB_Y2024_filtered_VBS/SV-COMP_Termination_Category/ChenFlurMukhopadhyay-SAS2012-Ex2.17_false-termination.c,NO
ChenFlurMukhopadhyay-SAS2012-Ex2.20_true-termination.c,TPDB_Y2024_filtered_VBS/SV-COMP_Termination_Category/ChenFlurMukhopadhyay-SAS2012-Ex2.20_true-termination.c,YES
ChenFlurMukhopadhyay-SAS2012-Ex2.22_true-termination.c,TPDB_Y2024_filtered_VBS/SV-COMP_Termination_Category/ChenFlurMukhopadhyay-SAS2012-Ex2.22_true-termination.c,YES
ChenFlurMukhopadhyay-SAS2012-Ex3.01_true-termination.c,TPDB_Y2024_filtered_VBS/SV-COMP_Termination_Category/ChenFlurMukhopadhyay-SAS2012-Ex3.01_true-termination.c,YES
ChenFlurMukhopadhyay-SAS2012-Ex3.03_true-termination.c,TPDB_Y2024_filtered_VBS/SV-COMP_Termination_Category/ChenFlurMukhopadhyay-SAS2012-Ex3.03_true-termination.c,YES
ChenFlurMukhopadhyay-SAS2012-Ex3.04_true-termination.c,TPDB_Y2024_filtered_VBS/SV-COMP_Termination_Category/ChenFlurMukhopadhyay-SAS2012-Ex3.04_true-termination.c,YES
ChenFlurMukhopadhyay-SAS2012-Ex3.05_true-termination.c,TPDB_Y2024_filtered_VBS/SV-COMP_Termination_Category/ChenFlurMukhopadhyay-SAS2012-Ex3.05_true-termination.c,YES
ChenFlurMukhopadhyay-SAS2012-Ex3.08_true-termination.c,TPDB_Y2024_filtered_VBS/SV-COMP_Termination_Category/ChenFlurMukhopadhyay-SAS2012-Ex3.08_true-termination.c,YES
ChenFlurMukhopadhyay-SAS2012-Ex3.09_true-termination.c,TPDB_Y2024_filtered_VBS/SV-COMP_Termination_Category/ChenFlurMukhopadhyay-SAS2012-Ex3.09_true-termination.c,YES
ChenFlurMukhopadhyay-SAS2012-Ex4.01_true-termination.c,TPDB_Y2024_filtered_VBS/SV-COMP_Termination_Category/ChenFlurMukhopadhyay-SAS2012-Ex4.01_true-termination.c,YES
CookSeeZuleger-TACAS2013-Fig1_true-termination.c,TPDB_Y2024_filtered_VBS/SV-COMP_Termination_Category/CookSeeZuleger-TACAS2013-Fig1_true-termination.c,YES
CookSeeZuleger-TACAS2013-Fig7a_true-termination.c,TPDB_Y2024_filtered_VBS/SV-COMP_Termination_Category/CookSeeZuleger-TACAS2013-Fig7a_true-termination.c,YES
CookSeeZuleger-TACAS2013-Fig7b_true-termination.c,TPDB_Y2024_filtered_VBS/SV-COMP_Termination_Category/CookSeeZuleger-TACAS2013-Fig7b_true-termination.c,YES
gcd1_true-termination.c,TPDB_Y2024_filtered_VBS/SV-COMP_Termination_Category/gcd1_true-termination.c,YES
genady_true-termination.c,TPDB_Y2024_filtered_VBS/SV-COMP_Termination_Category/genady_true-termination.c,YES
GopanReps-CAV2006-Fig1a_true-termination.c.c,TPDB_Y2024_filtered_VBS/SV-COMP_Termination_Category/GopanReps-CAV2006-Fig1a_true-termination.c.c,YES
GulwaniJainKoskinen-PLDI2009-Fig1_true-termination.c,TPDB_Y2024_filtered_VBS/SV-COMP_Termination_Category/GulwaniJainKoskinen-PLDI2009-Fig1_true-termination.c,YES
HarrisLalNoriRajamani-SAS2010-Fig1_true-termination.c,TPDB_Y2024_filtered_VBS/SV-COMP_Termination_Category/HarrisLalNoriRajamani-SAS2010-Fig1_true-termination.c,YES
HarrisLalNoriRajamani-SAS2010-Fig2_false-termination.c,TPDB_Y2024_filtered_VBS/SV-COMP_Termination_Category/HarrisLalNoriRajamani-SAS2010-Fig2_false-termination.c,NO
HarrisLalNoriRajamani-SAS2010-Fig3_true-termination.c,TPDB_Y2024_filtered_VBS/SV-COMP_Termination_Category/HarrisLalNoriRajamani-SAS2010-Fig3_true-termination.c,YES
HeizmannHoenickeLeikePodelski-ATVA2013-Fig2_true-termination.c,TPDB_Y2024_filtered_VBS/SV-COMP_Termination_Category/HeizmannHoenickeLeikePodelski-ATVA2013-Fig2_true-termination.c,YES
HeizmannHoenickeLeikePodelski-ATVA2013-Fig5_true-termination.c,TPDB_Y2024_filtered_VBS/SV-COMP_Termination_Category/HeizmannHoenickeLeikePodelski-ATVA2013-Fig5_true-termination.c,YES
HeizmannHoenickeLeikePodelski-ATVA2013-Fig6_true-termination.c,TPDB_Y2024_filtered_VBS/SV-COMP_Termination_Category/HeizmannHoenickeLeikePodelski-ATVA2013-Fig6_true-termination.c,YES
HeizmannHoenickeLeikePodelski-ATVA2013-Fig7_true-termination.c,TPDB_Y2024_filtered_VBS/SV-COMP_Termination_Category/HeizmannHoenickeLeikePodelski-ATVA2013-Fig7_true-termination.c,YES
HeizmannHoenickeLeikePodelski-ATVA2013-Fig8_true-termination.c,TPDB_Y2024_filtered_VBS/SV-COMP_Termination_Category/HeizmannHoenickeLeikePodelski-ATVA2013-Fig8_true-termination.c,YES
HeizmannHoenickeLeikePodelski-ATVA2013-Fig9_true-termination.c,TPDB_Y2024_filtered_VBS/SV-COMP_Termination_Category/HeizmannHoenickeLeikePodelski-ATVA2013-Fig9_true-termination.c,YES
HenzingerJhalaMajumdarSutre-POPL2002-LockingExample_false-termination.c,TPDB_Y2024_filtered_VBS/SV-COMP_Termination_Category/HenzingerJhalaMajumdarSutre-POPL2002-LockingExample_false-termination.c,NO
joey_false-termination.c,TPDB_Y2024_filtered_VBS/SV-COMP_Termination_Category/joey_false-termination.c,NO
KroeningSharyginaTsitovichWintersteiger-CAV2010-Ex_true-termination.c,TPDB_Y2024_filtered_VBS/SV-COMP_Termination_Category/KroeningSharyginaTsitovichWintersteiger-CAV2010-Ex_true-termination.c,YES
KroeningSharyginaTsitovichWintersteiger-CAV2010-Fig1_true-termination.c,TPDB_Y2024_filtered_VBS/SV-COMP_Termination_Category/KroeningSharyginaTsitovichWintersteiger-CAV2010-Fig1_true-termination.c,YES
LarrazOliverasRodriguez-CarbonellRubio-FMCAD2013-Fig1_true-termination.c,TPDB_Y2024_filtered_VBS/SV-COMP_Termination_Category/LarrazOliverasRodriguez-CarbonellRubio-FMCAD2013-Fig1_true-termination.c,YES
LeeJonesBen-Amram-POPL2001-Ex1_true-termination.c,TPDB_Y2024_filtered_VBS/SV-COMP_Termination_Category/LeeJonesBen-Amram-POPL2001-Ex1_true-termination.c,YES
LeeJonesBen-Amram-POPL2001-Ex2_true-termination.c,TPDB_Y2024_filtered_VBS/SV-COMP_Termination_Category/LeeJonesBen-Amram-POPL2001-Ex2_true-termination.c,YES
LeeJonesBen-Amram-POPL2001-Ex3_true-termination.c,TPDB_Y2024_filtered_VBS/SV-COMP_Termination_Category/LeeJonesBen-Amram-POPL2001-Ex3_true-termination.c,YES
LeeJonesBen-Amram-POPL2001-Ex4_true-termination.c,TPDB_Y2024_filtered_VBS/SV-COMP_Termination_Category/LeeJonesBen-Amram-POPL2001-Ex4_true-termination.c,YES
LeeJonesBen-Amram-POPL2001-Ex5_true-termination.c,TPDB_Y2024_filtered_VBS/SV-COMP_Termination_Category/LeeJonesBen-Amram-POPL2001-Ex5_true-termination.c,YES
LeeJonesBen-Amram-POPL2001-Ex6_true-termination.c,TPDB_Y2024_filtered_VBS/SV-COMP_Termination_Category/LeeJonesBen-Amram-POPL2001-Ex6_true-termination.c,YES
LeikeHeizmann-TACAS2014-Ex9_true-termination.c,TPDB_Y2024_filtered_VBS/SV-COMP_Termination_Category/LeikeHeizmann-TACAS2014-Ex9_true-termination.c,YES
LeikeHeizmann-WST2014-Ex9_true-termination.c,TPDB_Y2024_filtered_VBS/SV-COMP_Termination_Category/LeikeHeizmann-WST2014-Ex9_true-termination.c,YES
Masse-VMCAI2014-Fig1b_true-termination.c,TPDB_Y2024_filtered_VBS/SV-COMP_Termination_Category/Masse-VMCAI2014-Fig1b_true-termination.c,MAYBE
min_rf_true-termination.c,TPDB_Y2024_filtered_VBS/SV-COMP_Termination_Category/min_rf_true-termination.c,YES
PodelskiRybalchenko-LICS2004-Fig2_true-termination.c,TPDB_Y2024_filtered_VBS/SV-COMP_Termination_Category/PodelskiRybalchenko-LICS2004-Fig2_true-termination.c,YES
PodelskiRybalchenko-TACAS2011-Fig4_true-termination.c,TPDB_Y2024_filtered_VBS/SV-COMP_Termination_Category/PodelskiRybalchenko-TACAS2011-Fig4_true-termination.c,YES
PodelskiRybalchenko-VMCAI2004-Ex1_true-termination.c,TPDB_Y2024_filtered_VBS/SV-COMP_Termination_Category/PodelskiRybalchenko-VMCAI2004-Ex1_true-termination.c,YES
svcomp_cstrcmp_true-termination.c,TPDB_Y2024_filtered_VBS/SV-COMP_Termination_Category/svcomp_cstrcmp_true-termination.c,YES
svcomp_cstrcspn_true-termination.c,TPDB_Y2024_filtered_VBS/SV-COMP_Termination_Category/svcomp_cstrcspn_true-termination.c,YES
svcomp_cstrlen_true-termination.c,TPDB_Y2024_filtered_VBS/SV-COMP_Termination_Category/svcomp_cstrlen_true-termination.c,YES
svcomp_cstrncmp_true-termination.c,TPDB_Y2024_filtered_VBS/SV-COMP_Termination_Category/svcomp_cstrncmp_true-termination.c,YES
svcomp_cstrpbrk_true-termination.c,TPDB_Y2024_filtered_VBS/SV-COMP_Termination_Category/svcomp_cstrpbrk_true-termination.c,YES
svcomp_cstrspn_true-termination.c,TPDB_Y2024_filtered_VBS/SV-COMP_Termination_Category/svcomp_cstrspn_true-termination.c,YES
svcomp_strchr_true-termination.c,TPDB_Y2024_filtered_VBS/SV-COMP_Termination_Category/svcomp_strchr_true-termination.c,YES
TelAviv-Amir-Minimum_true-termination.c,TPDB_Y2024_filtered_VBS/SV-COMP_Termination_Category/TelAviv-Amir-Minimum_true-termination.c,YES
Toulouse-BranchesToLoop_true-termination.c,TPDB_Y2024_filtered_VBS/SV-COMP_Termination_Category/Toulouse-BranchesToLoop_true-termination.c,YES
Toulouse-MultiBranchesToLoop_true-termination.c,TPDB_Y2024_filtered_VBS/SV-COMP_Termination_Category/Toulouse-MultiBranchesToLoop_true-termination.c,YES
UrbanMine-ESOP2014-Fig3_true-termination.c,TPDB_Y2024_filtered_VBS/SV-COMP_Termination_Category/UrbanMine-ESOP2014-Fig3_true-termination.c,YES
boids_true-termination.c,TPDB_Y2024_filtered_VBS/Di_Stefano_20/boids_true-termination.c,MAYBE
flock-noarray_true-termination.c,TPDB_Y2024_filtered_VBS/Di_Stefano_20/flock-noarray_true-termination.c,MAYBE
flock_true-termination.c,TPDB_Y2024_filtered_VBS/Di_Stefano_20/flock_true-termination.c,MAYBE
formation-noarray_true-termination.c,TPDB_Y2024_filtered_VBS/Di_Stefano_20/formation-noarray_true-termination.c,MAYBE
formation_true-termination.c,TPDB_Y2024_filtered_VBS/Di_Stefano_20/formation_true-termination.c,MAYBE
majority-noarray_true-termination.c,TPDB_Y2024_filtered_VBS/Di_Stefano_20/majority-noarray_true-termination.c,YES
majority_true-termination.c,TPDB_Y2024_filtered_VBS/Di_Stefano_20/majority_true-termination.c,MAYBE
Avg_true.c,TPDB_Y2024_filtered_VBS/AProVE_numeric/Avg_true.c,YES
Binomial_true.c,TPDB_Y2024_filtered_VBS/AProVE_numeric/Binomial_true.c,YES
Et1_true.c,TPDB_Y2024_filtered_VBS/AProVE_numeric/Et1_true.c,YES
Et2_true.c,TPDB_Y2024_filtered_VBS/AProVE_numeric/Et2_true.c,YES
Et3_true.c,TPDB_Y2024_filtered_VBS/AProVE_numeric/Et3_true.c,YES
Et4_true.c,TPDB_Y2024_filtered_VBS/AProVE_numeric/Et4_true.c,YES
ex2.c,TPDB_Y2024_filtered_VBS/AProVE_numeric/ex2.c,YES
ex3.c,TPDB_Y2024_filtered_VBS/AProVE_numeric/ex3.c,YES
LeUserDefRec_true.c,TPDB_Y2024_filtered_VBS/AProVE_numeric/LeUserDefRec_true.c,YES
LogRecursive_true.c,TPDB_Y2024_filtered_VBS/AProVE_numeric/LogRecursive_true.c,MAYBE
Parts_true.c,TPDB_Y2024_filtered_VBS/AProVE_numeric/Parts_true.c,MAYBE
rec_counter1.c,TPDB_Y2024_filtered_VBS/AProVE_numeric/rec_counter1.c,YES
rec_counter3.c,TPDB_Y2024_filtered_VBS/AProVE_numeric/rec_counter3.c,YES
rec_strlen.c,TPDB_Y2024_filtered_VBS/AProVE_numeric/rec_strlen.c,YES
svcomp_a.01.c,TPDB_Y2024_filtered_VBS/AProVE_numeric/svcomp_a.01.c,YES
svcomp_a.04.c,TPDB_Y2024_filtered_VBS/AProVE_numeric/svcomp_a.04.c,YES
svcomp_a.05.c,TPDB_Y2024_filtered_VBS/AProVE_numeric/svcomp_a.05.c,YES
svcomp_a.06.c,TPDB_Y2024_filtered_VBS/AProVE_numeric/svcomp_a.06.c,YES
svcomp_a.07.c,TPDB_Y2024_filtered_VBS/AProVE_numeric/svcomp_a.07.c,YES
svcomp_a.08.c,TPDB_Y2024_filtered_VBS/AProVE_numeric/svcomp_a.08.c,YES
svcomp_a.09_assume.c,TPDB_Y2024_filtered_VBS/AProVE_numeric/svcomp_a.09_assume.c,YES
svcomp_a.10.c,TPDB_Y2024_filtered_VBS/AProVE_numeric/svcomp_a.10.c,YES
svcomp_Ackermann01_true-unreach-call_modified_modified.c,TPDB_Y2024_filtered_VBS/AProVE_numeric/svcomp_Ackermann01_true-unreach-call_modified_modified.c,YES
svcomp_Addition01_true-unreach-call_true-termination_modified.c,TPDB_Y2024_filtered_VBS/AProVE_numeric/svcomp_Addition01_true-unreach-call_true-termination_modified.c,YES
svcomp_b.01.c,TPDB_Y2024_filtered_VBS/AProVE_numeric/svcomp_b.01.c,YES
svcomp_b.02.c,TPDB_Y2024_filtered_VBS/AProVE_numeric/svcomp_b.02.c,YES
svcomp_b.03-no-inv_assume.c,TPDB_Y2024_filtered_VBS/AProVE_numeric/svcomp_b.03-no-inv_assume.c,YES
svcomp_b.03_assume.c,TPDB_Y2024_filtered_VBS/AProVE_numeric/svcomp_b.03_assume.c,YES
svcomp_b.04.c,TPDB_Y2024_filtered_VBS/AProVE_numeric/svcomp_b.04.c,YES
svcomp_b.05.c,TPDB_Y2024_filtered_VBS/AProVE_numeric/svcomp_b.05.c,YES
svcomp_b.06.c,TPDB_Y2024_filtered_VBS/AProVE_numeric/svcomp_b.06.c,YES
svcomp_b.07.c,TPDB_Y2024_filtered_VBS/AProVE_numeric/svcomp_b.07.c,YES
svcomp_b.09-no-inv_assume.c,TPDB_Y2024_filtered_VBS/AProVE_numeric/svcomp_b.09-no-inv_assume.c,YES
svcomp_b.09_assume.c,TPDB_Y2024_filtered_VBS/AProVE_numeric/svcomp_b.09_assume.c,YES
svcomp_b.10.c,TPDB_Y2024_filtered_VBS/AProVE_numeric/svcomp_b.10.c,YES
svcomp_b.11.c,TPDB_Y2024_filtered_VBS/AProVE_numeric/svcomp_b.11.c,YES
svcomp_b.12.c,TPDB_Y2024_filtered_VBS/AProVE_numeric/svcomp_b.12.c,YES
svcomp_b.13.c,TPDB_Y2024_filtered_VBS/AProVE_numeric/svcomp_b.13.c,YES
svcomp_b.14.c,TPDB_Y2024_filtered_VBS/AProVE_numeric/svcomp_b.14.c,YES
svcomp_b.15.c,TPDB_Y2024_filtered_VBS/AProVE_numeric/svcomp_b.15.c,YES
svcomp_b.16.c,TPDB_Y2024_filtered_VBS/AProVE_numeric/svcomp_b.16.c,YES
svcomp_b.17.c,TPDB_Y2024_filtered_VBS/AProVE_numeric/svcomp_b.17.c,YES
svcomp_b.18.c,TPDB_Y2024_filtered_VBS/AProVE_numeric/svcomp_b.18.c,YES
svcomp_c.01-no-inv.c,TPDB_Y2024_filtered_VBS/AProVE_numeric/svcomp_c.01-no-inv.c,YES
svcomp_c.01_assume.c,TPDB_Y2024_filtered_VBS/AProVE_numeric/svcomp_c.01_assume.c,YES
svcomp_c.02.c,TPDB_Y2024_filtered_VBS/AProVE_numeric/svcomp_c.02.c,YES
svcomp_c.03.c,TPDB_Y2024_filtered_VBS/AProVE_numeric/svcomp_c.03.c,YES
svcomp_c.07.c,TPDB_Y2024_filtered_VBS/AProVE_numeric/svcomp_c.07.c,YES
svcomp_c.08.c,TPDB_Y2024_filtered_VBS/AProVE_numeric/svcomp_c.08.c,YES
svcomp_easySum.c,TPDB_Y2024_filtered_VBS/AProVE_numeric/svcomp_easySum.c,YES
svcomp_EvenOdd01_true-unreach-call_true-termination_modified.c,TPDB_Y2024_filtered_VBS/AProVE_numeric/svcomp_EvenOdd01_true-unreach-call_true-termination_modified.c,YES
svcomp_ex1.c,TPDB_Y2024_filtered_VBS/AProVE_numeric/svcomp_ex1.c,YES
svcomp_ex2.c,TPDB_Y2024_filtered_VBS/AProVE_numeric/svcomp_ex2.c,MAYBE
svcomp_ex3a.c,TPDB_Y2024_filtered_VBS/AProVE_numeric/svcomp_ex3a.c,YES
svcomp_ex3b.c,TPDB_Y2024_filtered_VBS/AProVE_numeric/svcomp_ex3b.c,YES
svcomp_fermat.c,TPDB_Y2024_filtered_VBS/AProVE_numeric/svcomp_fermat.c,YES
svcomp_Fibonacci01_true-unreach-call_modified.c,TPDB_Y2024_filtered_VBS/AProVE_numeric/svcomp_Fibonacci01_true-unreach-call_modified.c,YES
svcomp_flag.c,TPDB_Y2024_filtered_VBS/AProVE_numeric/svcomp_flag.c,YES
svcomp_gcd01_true-unreach-call_true-termination_modified.c,TPDB_Y2024_filtered_VBS/AProVE_numeric/svcomp_gcd01_true-unreach-call_true-termination_modified.c,YES
svcomp_java_AG313.c,TPDB_Y2024_filtered_VBS/AProVE_numeric/svcomp_java_AG313.c,YES
svcomp_java_Break.c,TPDB_Y2024_filtered_VBS/AProVE_numeric/svcomp_java_Break.c,YES
svcomp_java_Continue1.c,TPDB_Y2024_filtered_VBS/AProVE_numeric/svcomp_java_Continue1.c,YES
svcomp_java_LogBuiltIn.c,TPDB_Y2024_filtered_VBS/AProVE_numeric/svcomp_java_LogBuiltIn.c,YES
svcomp_java_Nested.c,TPDB_Y2024_filtered_VBS/AProVE_numeric/svcomp_java_Nested.c,YES
svcomp_java_Sequence.c,TPDB_Y2024_filtered_VBS/AProVE_numeric/svcomp_java_Sequence.c,YES
svcomp_MultCommutative_true-unreach-call_true-termination_modified.c,TPDB_Y2024_filtered_VBS/AProVE_numeric/svcomp_MultCommutative_true-unreach-call_true-termination_modified.c,YES
svcomp_recHanoi02_true-unreach-call_true-termination_modified.c,TPDB_Y2024_filtered_VBS/AProVE_numeric/svcomp_recHanoi02_true-unreach-call_true-termination_modified.c,YES
svcomp_twisted.c,TPDB_Y2024_filtered_VBS/AProVE_numeric/svcomp_twisted.c,YES
TerminatorRec02_true.c,TPDB_Y2024_filtered_VBS/AProVE_numeric/TerminatorRec02_true.c,YES
TwoWay_true.c,TPDB_Y2024_filtered_VBS/AProVE_numeric/TwoWay_true.c,YES
4BitCounterPointer_true-termination.c,TPDB_Y2024_filtered_VBS/Ultimate/4BitCounterPointer_true-termination.c,YES
Arrays01-EquivalentConstantIndices_true-termination.c,TPDB_Y2024_filtered_VBS/Ultimate/Arrays01-EquivalentConstantIndices_true-termination.c,YES
Arrays02-EquivalentConstantIndices_false-termination.c,TPDB_Y2024_filtered_VBS/Ultimate/Arrays02-EquivalentConstantIndices_false-termination.c,NO
Arrays03-ValueRestictsIndex_true-termination.c,TPDB_Y2024_filtered_VBS/Ultimate/Arrays03-ValueRestictsIndex_true-termination.c,YES
Bangalore_true-termination.c,TPDB_Y2024_filtered_VBS/Ultimate/Bangalore_true-termination.c,YES
Cairo_true-termination.c,TPDB_Y2024_filtered_VBS/Ultimate/Cairo_true-termination.c,YES
Collatz_unknown-termination.c,TPDB_Y2024_filtered_VBS/Ultimate/Collatz_unknown-termination.c,MAYBE
Division_false-termination.c,TPDB_Y2024_filtered_VBS/Ultimate/Division_false-termination.c,NO
Gothenburg_true-termination.c,TPDB_Y2024_filtered_VBS/Ultimate/Gothenburg_true-termination.c,YES
LexIndexValue-Array_true-termination.c,TPDB_Y2024_filtered_VBS/Ultimate/LexIndexValue-Array_true-termination.c,MAYBE
LexIndexValue-Pointer_true-termination.c,TPDB_Y2024_filtered_VBS/Ultimate/LexIndexValue-Pointer_true-termination.c,MAYBE
Lobnya-Boolean-Reordered_true-termination.c,TPDB_Y2024_filtered_VBS/Ultimate/Lobnya-Boolean-Reordered_true-termination.c,YES
Madrid_false-termination.c,TPDB_Y2024_filtered_VBS/Ultimate/Madrid_false-termination.c,NO
Mysore_true-termination.c,TPDB_Y2024_filtered_VBS/Ultimate/Mysore_true-termination.c,YES
NonTermination2_false-termination.c,TPDB_Y2024_filtered_VBS/Ultimate/NonTermination2_false-termination.c,NO
NonTermination3_false-termination.c,TPDB_Y2024_filtered_VBS/Ultimate/NonTermination3_false-termination.c,MAYBE
NonTerminationSimple2_false-termination.c,TPDB_Y2024_filtered_VBS/Ultimate/NonTerminationSimple2_false-termination.c,NO
NonTerminationSimple3_false-termination.c,TPDB_Y2024_filtered_VBS/Ultimate/NonTerminationSimple3_false-termination.c,NO
NonTerminationSimple4_false-termination.c,TPDB_Y2024_filtered_VBS/Ultimate/NonTerminationSimple4_false-termination.c,NO
NonTerminationSimple5_false-termination.c,TPDB_Y2024_filtered_VBS/Ultimate/NonTerminationSimple5_false-termination.c,NO
NonTerminationSimple6_false-termination.c,TPDB_Y2024_filtered_VBS/Ultimate/NonTerminationSimple6_false-termination.c,NO
NonTerminationSimple7_false-termination.c,TPDB_Y2024_filtered_VBS/Ultimate/NonTerminationSimple7_false-termination.c,NO
NonTerminationSimple8_false-termination.c,TPDB_Y2024_filtered_VBS/Ultimate/NonTerminationSimple8_false-termination.c,NO
NonTerminationSimple9_false-termination.c,TPDB_Y2024_filtered_VBS/Ultimate/NonTerminationSimple9_false-termination.c,NO
Nyala-2lex_true-termination.c,TPDB_Y2024_filtered_VBS/Ultimate/Nyala-2lex_true-termination.c,YES
Parallel_true-termination.c,TPDB_Y2024_filtered_VBS/Ultimate/Parallel_true-termination.c,YES
Pure3Phase_true-termination.c,TPDB_Y2024_filtered_VBS/Ultimate/Pure3Phase_true-termination.c,YES
RecursiveMultiplication_true-termination.c,TPDB_Y2024_filtered_VBS/Ultimate/RecursiveMultiplication_true-termination.c,YES
RecursiveNonterminating_false-termination.c,TPDB_Y2024_filtered_VBS/Ultimate/RecursiveNonterminating_false-termination.c,NO
Rotation180_false-termination.c,TPDB_Y2024_filtered_VBS/Ultimate/Rotation180_false-termination.c,NO
Stockholm_true-termination.c,TPDB_Y2024_filtered_VBS/Ultimate/Stockholm_true-termination.c,YES
SyntaxSupportPointer01_true-termination.c,TPDB_Y2024_filtered_VBS/Ultimate/SyntaxSupportPointer01_true-termination.c,YES
WhileFalse_true-termination.c,TPDB_Y2024_filtered_VBS/Ultimate/WhileFalse_true-termination.c,YES
WhileTrue_false-termination.c,TPDB_Y2024_filtered_VBS/Ultimate/WhileTrue_false-termination.c,NO
2Nested_false-termination.c,TPDB_Y2024_filtered_VBS/Ton_Chanh_15/2Nested_false-termination.c,NO
Ackermann_false-termination.c,TPDB_Y2024_filtered_VBS/Ton_Chanh_15/Ackermann_false-termination.c,NO
Ackermann_true-termination.c,TPDB_Y2024_filtered_VBS/Ton_Chanh_15/Ackermann_true-termination.c,YES
Bangalore_false-termination.c,TPDB_Y2024_filtered_VBS/Ton_Chanh_15/Bangalore_false-termination.c,NO
Bangalore_v2_false-termination.c,TPDB_Y2024_filtered_VBS/Ton_Chanh_15/Bangalore_v2_false-termination.c,NO
Bangalore_v3_false-termination.c,TPDB_Y2024_filtered_VBS/Ton_Chanh_15/Bangalore_v3_false-termination.c,NO
Bangalore_v4_true-termination.c,TPDB_Y2024_filtered_VBS/Ton_Chanh_15/Bangalore_v4_true-termination.c,YES
Benghazi_nondet_true-termination.c,TPDB_Y2024_filtered_VBS/Ton_Chanh_15/Benghazi_nondet_true-termination.c,YES
Binary_Search_true-termination.c,TPDB_Y2024_filtered_VBS/Ton_Chanh_15/Binary_Search_true-termination.c,NO
Cairo_nondet_false-termination.c,TPDB_Y2024_filtered_VBS/Ton_Chanh_15/Cairo_nondet_false-termination.c,NO
Cairo_step2_false-termination.c,TPDB_Y2024_filtered_VBS/Ton_Chanh_15/Cairo_step2_false-termination.c,NO
Copenhagen_disj_true-termination.c,TPDB_Y2024_filtered_VBS/Ton_Chanh_15/Copenhagen_disj_true-termination.c,YES
Gothenburg_v2_true-termination.c,TPDB_Y2024_filtered_VBS/Ton_Chanh_15/Gothenburg_v2_true-termination.c,YES
Hanoi_2vars_false-termination.c,TPDB_Y2024_filtered_VBS/Ton_Chanh_15/Hanoi_2vars_false-termination.c,NO
Hanoi_3vars_false-termination.c,TPDB_Y2024_filtered_VBS/Ton_Chanh_15/Hanoi_3vars_false-termination.c,NO
Hanoi_plus_false-termination.c,TPDB_Y2024_filtered_VBS/Ton_Chanh_15/Hanoi_plus_false-termination.c,NO
McCarthy91_Iteration_true-termination.c,TPDB_Y2024_filtered_VBS/Ton_Chanh_15/McCarthy91_Iteration_true-termination.c,YES
McCarthy91_Recursion_true-termination.c,TPDB_Y2024_filtered_VBS/Ton_Chanh_15/McCarthy91_Recursion_true-termination.c,YES
MutualRecursion_1a_false-termination.c,TPDB_Y2024_filtered_VBS/Ton_Chanh_15/MutualRecursion_1a_false-termination.c,NO
MutualRecursion_1b_true-termination.c,TPDB_Y2024_filtered_VBS/Ton_Chanh_15/MutualRecursion_1b_true-termination.c,YES
Mysore_false-termination.c,TPDB_Y2024_filtered_VBS/Ton_Chanh_15/Mysore_false-termination.c,NO
NestedRecursion_1a_false-termination.c,TPDB_Y2024_filtered_VBS/Ton_Chanh_15/NestedRecursion_1a_false-termination.c,NO
NestedRecursion_1b_true-termination.c,TPDB_Y2024_filtered_VBS/Ton_Chanh_15/NestedRecursion_1b_true-termination.c,YES
NestedRecursion_1c_true-termination.c,TPDB_Y2024_filtered_VBS/Ton_Chanh_15/NestedRecursion_1c_true-termination.c,YES
NestedRecursion_1d_true-termination.c,TPDB_Y2024_filtered_VBS/Ton_Chanh_15/NestedRecursion_1d_true-termination.c,YES
NestedRecursion_2a_false-termination.c,TPDB_Y2024_filtered_VBS/Ton_Chanh_15/NestedRecursion_2a_false-termination.c,NO
NestedRecursion_2b_false-termination.c,TPDB_Y2024_filtered_VBS/Ton_Chanh_15/NestedRecursion_2b_false-termination.c,NO
NestedRecursion_2c_true-termination.c,TPDB_Y2024_filtered_VBS/Ton_Chanh_15/NestedRecursion_2c_true-termination.c,YES
Singapore_plus_false-termination.c,TPDB_Y2024_filtered_VBS/Ton_Chanh_15/Singapore_plus_false-termination.c,NO
Singapore_true-termination.c,TPDB_Y2024_filtered_VBS/Ton_Chanh_15/Singapore_true-termination.c,YES
Singapore_v1_false-termination.c,TPDB_Y2024_filtered_VBS/Ton_Chanh_15/Singapore_v1_false-termination.c,NO
Singapore_v2_false-termination.c,TPDB_Y2024_filtered_VBS/Ton_Chanh_15/Singapore_v2_false-termination.c,NO
