file_name,category,is_stable,llm_is_terminating,llm_is_unknown,ref_is_terminating,ref_is_unknown,repeat_count,processing_time
svcomp_b.14-alloca.c,YES,True,True,False,True,False,2,36.74
svcomp_b.01-alloca.c,YES,True,True,False,True,False,2,20.35
ChenFlurMukhopadhyay-SAS2012-Ex1.03_true-termination.c,YES,True,True,False,True,False,2,34.4
Et1_true.c,YES,True,True,False,True,False,2,122.57
svcomp_b.07.c,YES,True,True,False,True,False,2,32.02
svcomp_openbsd_cstrnlen_alloca.c,YES,True,True,False,True,False,2,15.2
standard_password_true-unreach-call_ground.c,YES,True,True,False,True,False,2,25.39
NestedRecursion_1d_true-termination.c,YES,True,True,False,True,False,2,76.26
svcomp_array02_alloca.c,YES,True,True,False,True,False,2,43.6
Et4_true.c,YES,True,True,False,True,False,2,32.12
LarrazOliverasRodriguez-CarbonellRubio-FMCAD2013-Fig1_true-termination.c,YES,True,True,False,True,False,2,98.32
ChenFlurMukhopadhyay-SAS2012-Ex1.05_true-termination.c,YES,True,True,False,True,False,2,36.13
svcomp_b.05.c,YES,True,True,False,True,False,2,27.13
sum_2x3_false-unreach-call.c,YES,True,True,False,True,False,2,20.69
desc_ll_search_last.c,YES,True,True,False,True,False,2,28.84
AliasDarteFeautrierGonnord-SAS2010-nestedLoop_true-termination.c,YES,True,True,False,True,False,2,54.64
svcomp_openbsd_cbzero_alloca.c,YES,True,True,False,True,False,2,22.48
ChawdharyCookGulwaniSagivYang-ESOP2008-random1d_true-termination.c,YES,True,True,False,True,False,2,23.94
fibo_5_false-unreach-call.c,YES,True,True,False,True,False,2,22.62
svcomp_openbsd_cstrspn_alloca.c,YES,True,True,False,True,False,2,32.31
Ben-Amram-LMCS2010-Ex2.3_true-termination.c,YES,True,True,False,True,False,2,153.46
Benghazi_nondet_true-termination.c,YES,True,True,False,True,False,2,136.9
svcomp_openbsd_cstrcpy_alloca.c,YES,True,True,False,True,False,2,56.53
svcomp_b.16-alloca.c,YES,True,True,False,True,False,2,25.04
AliasDarteFeautrierGonnord-SAS2010-exmini_true-termination.c,YES,True,True,False,True,False,2,142.76
AliasDarteFeautrierGonnord-SAS2010-counterex1b_true-termination.c,YES,True,True,False,True,False,2,48.76
svcomp_subseq_alloca.c,YES,True,True,False,True,False,2,57.58
svcomp_cstrncpy_alloca.c,YES,True,True,False,True,False,2,24.74
TwoWay_true.c,YES,True,True,False,True,False,2,19.12
svcomp_insertionsort_alloca.c,YES,True,True,False,True,False,2,32.48
Masse-VMCAI2014-Ex6_true-termination.c,YES,True,True,False,True,False,2,43.43
LeikeHeizmann-TACAS2014-Ex7_true-termination.c,YES,True,True,False,True,False,2,17.58
svcomp_b.09_assume-alloca.c,YES,True,True,False,True,False,2,27.62
ChenFlurMukhopadhyay-SAS2012-Ex1.04_true-termination.c,YES,True,True,False,True,False,2,24.28
svcomp_openbsd_cstrncpy_alloca.c,YES,True,True,False,True,False,2,50.91
nondet_ll_init_rec.c,YES,True,True,False,True,False,2,19.21
svcomp_c.07.c,YES,True,True,False,True,False,2,88.77
svcomp_b.17.c,YES,True,True,False,True,False,2,42.37
AliasDarteFeautrierGonnord-SAS2010-speedpldi3_true-termination.c,YES,True,True,False,True,False,2,31.62
svcomp_Toulouse-BranchesToLoop_true-alloca.c,YES,True,True,False,True,False,2,32.03
nondet_ll_traverse_rec.c,YES,True,True,False,True,False,2,27.77
svcomp_b.07-alloca.c,YES,True,True,False,True,False,2,31.85
svcomp_b.04-alloca.c,YES,True,True,False,True,False,2,33.11
LeeJonesBen-Amram-POPL2001-Ex6_true-termination.c,YES,True,True,False,True,False,2,16.79
svcomp_b.03_assume.c,YES,True,True,False,True,False,2,22.39
Masse-VMCAI2014-Fig1a_true-termination.c,YES,True,True,False,True,False,2,146.74
HeizmannHoenickeLeikePodelski-ATVA2013-Fig8_true-termination.c,YES,True,True,False,True,False,2,33.23
Bangalore_true-termination.c,YES,True,True,False,True,False,2,19.28
Overflow.c,YES,False,False,False,True,False,2,25.5
ChenFlurMukhopadhyay-SAS2012-Ex2.13_true-termination.c,YES,True,True,False,True,False,2,100.18
svcomp_b.18-alloca.c,YES,True,True,False,True,False,2,55.13
PastaB3.c,YES,True,True,False,True,False,2,40.5
GulwaniJainKoskinen-PLDI2009-Fig1_true-termination.c,YES,True,True,False,True,False,2,77.23
HeizmannHoenickeLeikePodelski-ATVA2013-Fig2_true-termination.c,YES,True,True,False,True,False,2,36.26
svcomp_openbsd_cstrcmp_alloca.c,YES,True,True,False,True,False,2,42.4
svcomp_java_Continue1-alloca.c,YES,True,True,False,True,False,2,16.86
LeikeHeizmann-TACAS2014-Fig1_true-termination.c,YES,True,True,False,True,False,2,45.46
svcomp_a.04.c,YES,True,True,False,True,False,2,20.88
svcomp_HarrisLalNoriRajamani-2010SAS-Fig3_true-alloca.c,YES,True,True,False,True,False,2,19.28
svcomp_java_AG313-alloca.c,YES,True,True,False,True,False,2,22.91
AliasDarteFeautrierGonnord-SAS2010-loops_true-termination.c,YES,True,True,False,True,False,2,31.87
AliasDarteFeautrierGonnord-SAS2010-ndecr_true-termination.c,YES,True,True,False,True,False,2,15.14
svcomp_flag-alloca.c,YES,True,True,False,True,False,2,49.01
CookSeeZuleger-TACAS2013-Fig8a_true-termination.c,YES,True,True,False,True,False,2,22.25
ChenFlurMukhopadhyay-SAS2012-Ex3.07_true-termination.c,YES,True,True,False,True,False,2,185.81
svcomp_mult_array_alloca.c,YES,True,True,False,True,False,2,40.06
BrockschmidtCookFuhs-CAV2013-Introduction_true-termination.c,YES,True,True,False,True,False,2,23.18
HeizmannHoenickeLeikePodelski-ATVA2013-Fig7_true-termination.c,YES,True,True,False,True,False,2,25.73
svcomp_a.09_assume-alloca.c,YES,True,True,False,True,False,2,30.61
svcomp_b.14.c,YES,True,True,False,True,False,2,36.2
CookSeeZuleger-TACAS2013-Fig7b_true-termination.c,YES,True,True,False,True,False,2,34.19
svcomp_openbsd_cstrpbrk_alloca.c,YES,True,True,False,True,False,2,38.29
afterrec_2calls_false-unreach-call.c,YES,False,False,False,True,False,2,24.6
svcomp_twisted-alloca.c,YES,True,True,False,True,False,2,44.01
ChawdharyCookGulwaniSagivYang-ESOP2008-aaron6_true-termination.c,YES,True,True,False,True,False,2,45.89
svcomp_a.06-alloca.c,YES,True,True,False,True,False,2,18.75
svcomp_java_Nested.c,YES,True,True,False,True,False,2,40.57
PastaB7.c,YES,True,True,False,True,False,2,23.67
svcomp_b.06.c,YES,True,True,False,True,False,2,23.94
rec_counter3.c,YES,True,True,False,True,False,2,33.85
svcomp_cstrspn_true_alloca.c,YES,False,False,False,True,False,2,11.61
svcomp_BrockschmidtCookFuhs-2013CAV-Fig1_true-alloca.c,YES,True,True,False,True,False,2,45.26
id_i10_o10_false-unreach-call.c,YES,True,True,False,True,False,2,28.07
svcomp_openbsd_cstpcpy_alloca.c,YES,True,True,False,True,False,2,40.54
Arrays01-EquivalentConstantIndices_true-termination.c,YES,True,True,False,True,False,2,20.37
svcomp_fermat.c,YES,True,True,False,True,False,2,21.7
svcomp_cstrlen_true-termination.c,YES,True,True,False,True,False,2,31.32
AliasDarteFeautrierGonnord-SAS2010-random1d_true-termination.c,YES,True,True,False,True,False,2,20.68
PastaA4.c,YES,True,True,False,True,False,2,21.78
svcomp_openbsd_cstrncmp_alloca.c,YES,True,True,False,True,False,2,26.87
svcomp_Fibonacci01_true-unreach-call_modified.c,YES,True,True,False,True,False,2,21.07
MinusBuiltIn.c,YES,True,True,False,True,False,2,35.06
svcomp_a.04-alloca.c,YES,True,True,False,True,False,2,27.23
Urban-WST2013-Fig2-modified1000_true-termination.c,YES,True,True,False,True,False,2,31.59
4BitCounterPointer_true-termination.c,YES,True,True,False,True,False,2,29.99
PodelskiRybalchenko-LICS2004-Fig2-TACAS2011-Fig3_true-termination.c,YES,True,True,False,True,False,2,39.36
svcomp_openbsd_cstrstr_alloca.c,YES,True,True,False,True,False,2,50.05
easy1_true-termination.c,YES,True,True,False,True,False,2,15.85
PastaB11.c,YES,True,True,False,True,False,2,19.42
PastaB15.c,YES,True,True,False,True,False,2,40.27
aaron2_true-termination.c,YES,True,True,False,True,False,2,44.29
svcomp_NoriSharma-2013FSE-Fig8_true-alloca.c,YES,True,True,False,True,False,2,45.63
DivMinus.c,YES,True,True,False,True,False,2,26.6
Nested.c,YES,True,True,False,True,False,2,38.38
AliasDarteFeautrierGonnord-SAS2010-wise_true-termination.c,YES,True,True,False,True,False,2,26.13
HarrisLalNoriRajamani-SAS2010-Fig3_true-termination.c,YES,True,True,False,True,False,2,10.31
fibo_2calls_2_false-unreach-call.c,YES,True,True,False,True,False,2,29.52
AliasDarteFeautrierGonnord-SAS2010-wcet2_true-termination.c,YES,True,True,False,True,False,2,27.53
svcomp_selectionsort_alloca.c,YES,True,True,False,True,False,2,20.32
svcomp_BrockschmidtCookFuhs-2013CAV-Introduction_true-alloca.c,YES,True,True,False,True,False,2,32.23
Toulouse-MultiBranchesToLoop_true-termination.c,YES,True,True,False,True,False,2,90.39
svcomp_strchr_true-termination.c,YES,True,True,False,True,False,2,31.15
ChenFlurMukhopadhyay-SAS2012-Ex2.10_true-termination.c,YES,True,True,False,True,False,2,32.26
svcomp_a.01.c,YES,True,True,False,True,False,2,47.14
MutualRecursion_1b_true-termination.c,YES,True,True,False,True,False,2,59.94
svcomp_a.07.c,YES,True,True,False,True,False,2,26.97
desc_ll_search-ptrdiff_existing.c,YES,True,True,False,True,False,2,37.74
svcomp_b.18.c,YES,True,True,False,True,False,2,17.94
PastaA8.c,YES,True,True,False,True,False,2,17.06
MinusUserDefined.c,YES,True,True,False,True,False,2,54.78
ColonSipma-TACAS2001-Fig1_true-termination.c,YES,True,True,False,True,False,2,48.7
KroeningSharyginaTsitovichWintersteiger-CAV2010-Ex_true-termination.c,YES,True,True,False,True,False,2,14.87
ChenFlurMukhopadhyay-SAS2012-Ex4.01_true-termination.c,YES,True,True,False,True,False,2,40.55
svcomp_count_down_alloca.c,YES,True,True,False,True,False,2,122.07
PastaB16.c,YES,True,True,False,True,False,2,22.89
PastaB2.c,YES,True,True,False,True,False,2,23.05
svcomp_c.01_assume.c,YES,True,True,False,True,False,2,34.09
svcomp_java_Break-alloca.c,YES,True,True,False,True,False,2,13.07
min_rf_true-termination.c,YES,True,True,False,True,False,2,18.38
ChenFlurMukhopadhyay-SAS2012-Ex1.02_true-termination.c,YES,True,True,False,True,False,2,58.83
UrbanMine-ESOP2014-Fig3_true-termination.c,YES,False,False,False,True,False,2,77.09
email_spec0_product05_true-unreach-call.cil.c,YES,True,True,False,True,False,2,43.34
Mysore_true-termination.c,YES,True,True,False,True,False,2,14.87
svcomp_java_Sequence-alloca.c,YES,True,True,False,True,False,2,24.66
svcomp_c.01-no-inv-alloca.c,YES,True,True,False,True,False,2,32.67
HarrisLalNoriRajamani-SAS2010-Fig1_true-termination.c,YES,True,True,False,True,False,2,47.69
NoriSharma-FSE2013-Fig7_true-termination.c,YES,True,True,False,True,False,2,37.78
ChawdharyCookGulwaniSagivYang-ESOP2008-random2d_true-termination.c,YES,True,True,False,True,False,2,7.83
svcomp_min_rf_true-alloca.c,YES,True,True,False,True,False,2,42.99
TerminatorRec02_true.c,YES,True,True,False,True,False,2,19.59
AliasDarteFeautrierGonnord-SAS2010-rsd_true-termination.c,YES,True,True,False,True,False,2,41.43
svcomp_b.13.c,YES,True,True,False,True,False,2,31.2
svcomp_Avery-2006FLOPS-Tabel1_true-alloca.c,YES,True,True,False,True,False,2,21.93
svcomp_c.03.c,YES,True,True,False,True,False,2,65.53
PodelskiRybalchenko-TACAS2011-Fig1_true-termination.c,YES,True,True,False,True,False,2,14.92
Pure2Phase_true-termination.c,YES,True,True,False,True,False,2,21.87
Cairo_true-termination.c,YES,True,True,False,True,False,2,9.71
nondet_ll_search_zero.c,YES,True,True,False,True,False,2,38.56
svcomp_cstrchr_true_alloca.c,YES,True,True,False,True,False,2,46.55
MinusMin.c,YES,True,True,False,True,False,2,29.8
Urban-WST2013-Fig2_true-termination.c,YES,True,True,False,True,False,2,32.92
ChenFlurMukhopadhyay-SAS2012-Ex3.09_true-termination.c,YES,True,True,False,True,False,2,58.52
svcomp_a.07-alloca.c,YES,True,True,False,True,False,2,35.17
Nyala-2lex_true-termination.c,YES,True,True,False,True,False,2,52.09
960521-1_1_true-valid-memsafety.c,YES,True,True,False,True,False,2,61.47
ChenFlurMukhopadhyay-SAS2012-Ex3.10_true-termination.c,YES,True,True,False,True,False,2,75.41
svcomp_ex1-alloca.c,YES,True,True,False,True,False,2,18.65
AliasDarteFeautrierGonnord-SAS2010-complex_true-termination.c,YES,True,True,False,True,False,2,41.24
BallRajamani-SPIN2000-Fig1_false-unreach-call.c,YES,False,False,False,True,False,2,50.8
kbfiltr_simpl1_true-unreach-call_true-termination.cil.c,YES,True,True,False,True,False,2,26.13
ChenFlurMukhopadhyay-SAS2012-Ex3.05_true-termination.c,YES,True,True,False,True,False,2,40.01
PastaA9.c,YES,True,True,False,True,False,2,31.58
rec_counter1.c,YES,True,True,False,True,False,2,23.81
svcomp_c.02-alloca.c,YES,True,True,False,True,False,2,37.52
svcomp_Ackermann01_true-unreach-call_modified_modified.c,YES,True,True,False,True,False,2,46.01
svcomp_b.09-no-inv_assume-alloca.c,YES,True,True,False,True,False,2,25.71
ChenFlurMukhopadhyay-SAS2012-Ex2.20_true-termination.c,YES,True,True,False,True,False,2,67.2
diskperf_simpl1_true-unreach-call_true-termination.cil.c,YES,True,True,False,True,False,2,25.22
svcomp_diff_alloca.c,YES,True,True,False,True,False,2,32.16
svcomp_strreplace_alloca.c,YES,True,True,False,True,False,2,25.22
svcomp_a.10-alloca.c,YES,True,True,False,True,False,2,28.66
Gothenburg_v2_true-termination.c,YES,True,True,False,True,False,2,25.74
PodelskiRybalchenko-VMCAI2004-Ex1_true-termination.c,YES,True,True,False,True,False,2,23.65
svcomp_b.09-no-inv_assume.c,YES,True,True,False,True,False,2,29.4
svcomp_array03_alloca.c,YES,True,True,False,True,False,2,30.77
svcomp_java_Nested-alloca.c,YES,True,True,False,True,False,2,34.44
svcomp_bubblesort_alloca.c,YES,True,True,False,True,False,2,31.97
Et3_true.c,YES,True,True,False,True,False,2,61.92
PastaB6.c,YES,True,True,False,True,False,2,19.47
svcomp_cstrncmp_true-termination.c,YES,True,True,False,True,False,2,34.14
LeeJonesBen-Amram-POPL2001-Ex2_true-termination.c,YES,True,True,False,True,False,2,26.17
svcomp_a.06.c,YES,True,True,False,True,False,2,17.49
Pure3Phase_true-termination.c,YES,True,True,False,True,False,2,20.04
LeeJonesBen-Amram-POPL2001-Ex3_true-termination.c,YES,True,True,False,True,False,2,20.29
ChenFlurMukhopadhyay-SAS2012-Ex2.16_true-termination.c,YES,True,True,False,True,False,2,60.89
svcomp_cstrcspn_true_alloca.c,YES,True,True,False,True,False,2,22.71
svcomp_KroeningSharyginaTsitovichWintersteiger-2010CAV-Fig1_true-alloca.c,YES,True,True,False,True,False,2,83.78
AliasDarteFeautrierGonnord-SAS2010-Fig2a_true-termination.c,YES,True,True,False,True,False,2,50.46
svcomp_cstrcpy_alloca.c,YES,True,True,False,True,False,2,50.11
PastaA5.c,YES,True,True,False,True,False,2,17.84
svcomp_ChenFlurMukhopadhyay-2012SAS-Fig1_true-alloca.c,YES,True,True,False,True,False,2,152.08
BrockschmidtCookFuhs-CAV2013-Fig9a_true-termination.c,YES,True,True,False,True,False,2,41.18
svcomp_cstrpbrk_true-termination.c,YES,True,True,False,True,False,2,66.2
svcomp_b.03-no-inv_assume.c,YES,True,True,False,True,False,2,40.8
ex3.c,YES,True,True,False,True,False,2,50.89
PastaB1.c,YES,True,True,False,True,False,2,23.82
svcomp_GulwaniJainKoskinen-2009PLDI-Fig1_true-alloca.c,YES,True,True,False,True,False,2,57.68
svcomp_a.10.c,YES,True,True,False,True,False,2,28.61
PastaB14.c,YES,True,True,False,True,False,2,36.19
LeeJonesBen-Amram-POPL2001-Ex5_true-termination.c,YES,True,True,False,True,False,2,99.44
NoriSharma-FSE2013-Fig8_true-termination.c,YES,True,True,False,True,False,2,37.37
AliasDarteFeautrierGonnord-SAS2010-terminate_true-termination.c,YES,True,True,False,True,False,2,151.42
svcomp_cstrncmp_true_alloca.c,YES,True,True,False,True,False,2,27.25
svcomp_LarrazOliverasRodriguez-CarbonellRubio-2013FMCAD-Fig1_true-alloca.c,YES,False,False,False,True,False,2,76.9
AliasDarteFeautrierGonnord-SAS2010-speedpldi2_true-termination.c,YES,True,True,False,True,False,2,41.76
svcomp_Urban-2013WST-Fig2_true-alloca.c,YES,True,True,False,True,False,2,38.3
KroeningSharyginaTsitovichWintersteiger-CAV2010-Fig1_true-termination.c,YES,True,True,False,True,False,2,58.06
svcomp_HarrisLalNoriRajamani-2010SAS-Fig1_true-alloca.c,YES,True,True,False,True,False,2,86.23
svcomp_b.11.c,YES,True,True,False,True,False,2,20.6
nondet_ll_traverse-ptrdiff.c,YES,True,True,False,True,False,2,77.24
desc_ll_search_mod.c,YES,True,True,False,True,False,2,27.48
svcomp_ex3b.c,YES,True,True,False,True,False,2,29.93
NestedRecursion_2c_true-termination.c,YES,True,True,False,True,False,2,54.05
svcomp_ex3b-alloca.c,YES,True,True,False,True,False,2,29.01
PastaB17.c,YES,True,True,False,True,False,2,25.53
svcomp_easySum-alloca.c,YES,True,True,False,True,False,2,25.19
svcomp_a.09_assume.c,YES,True,True,False,True,False,2,40.9
NestedRecursion_1c_true-termination.c,YES,True,True,False,True,False,2,50.4
gcd01_true-unreach-call_true-termination.c,YES,True,True,False,True,False,2,14.68
EvenOdd01_true-unreach-call_true-termination.c,YES,True,True,False,True,False,2,23.53
ChenFlurMukhopadhyay-SAS2012-Ex2.21_true-termination.c,YES,True,True,False,True,False,2,141.58
Parallel_true-termination.c,YES,True,True,False,True,False,2,45.6
PastaA6.c,YES,True,True,False,True,False,2,29.09
ChenFlurMukhopadhyay-SAS2012-Ex3.08_true-termination.c,YES,True,True,False,True,False,2,77.1
Fibonacci01_true-unreach-call.c,YES,True,True,False,True,False,2,25.82
svcomp_cstrcspn_true-termination.c,YES,True,True,False,True,False,2,44.01
Toulouse-BranchesToLoop_true-termination.c,YES,True,True,False,True,False,2,33.5
PastaC1.c,YES,True,True,False,True,False,2,56.3
Lobnya-Boolean-Reordered_true-termination.c,YES,True,True,False,True,False,2,29.6
ChawdharyCookGulwaniSagivYang-ESOP2008-aaron12_true-termination.c,YES,False,False,False,True,False,2,98.49
svcomp_c.01_assume-alloca.c,YES,True,True,False,True,False,2,44.15
data_structures_set_multi_proc_false-unreach-call_ground.c,YES,True,True,False,True,False,2,50.28
svcomp_b.16.c,YES,True,True,False,True,False,2,27.42
svcomp_c.03-alloca.c,YES,True,True,False,True,False,2,83.33
svcomp_twisted.c,YES,True,True,False,True,False,2,94.56
genady_true-termination.c,YES,True,True,False,True,False,2,22.11
NestedRecursion_1b_true-termination.c,YES,True,True,False,True,False,2,68.4
svcomp_CookSeeZuleger-2013TACAS-Fig7b_true-alloca.c,YES,False,False,False,True,False,2,27.32
ChenFlurMukhopadhyay-SAS2012-Ex2.19_true-termination.c,YES,True,True,False,True,False,2,135.2
svcomp_b.10.c,YES,True,True,False,True,False,2,16.61
svcomp_c.08-alloca.c,YES,True,True,False,True,False,2,46.0
PodelskiRybalchenko-TACAS2011-Fig4_true-termination.c,YES,True,True,False,True,False,2,22.5
svcomp_Ben-Amram-2010LMCS-Ex2.3_true-alloca.c,YES,True,True,False,True,False,2,96.95
ChenFlurMukhopadhyay-SAS2012-Ex1.01_true-termination.c,YES,True,True,False,True,False,2,101.5
svcomp_array01_alloca.c,YES,True,True,False,True,False,2,39.98
svcomp_a.08.c,YES,True,True,False,True,False,2,25.49
svcomp_lis_alloca.c,YES,True,True,False,True,False,2,44.87
svcomp_cstrlen_true_alloca.c,YES,True,True,False,True,False,2,41.37
WhileFalse_true-termination.c,YES,True,True,False,True,False,2,11.23
svcomp_java_Continue1.c,YES,True,True,False,True,False,2,16.94
aviad_true-termination.c,YES,True,True,False,True,False,2,21.94
svcomp_openbsd_cmemchr_alloca.c,YES,True,True,False,True,False,2,20.62
2Nested_true-termination.c,YES,True,True,False,True,False,2,29.88
asc_ll_search_last.c,YES,True,True,False,True,False,2,35.95
AliasDarteFeautrierGonnord-SAS2010-random2d_true-termination.c,YES,True,True,False,True,False,2,14.96
PodelskiRybalchenko-TACAS2011-Fig2_true-termination.c,YES,True,True,False,True,False,2,31.63
CookSeeZuleger-TACAS2013-Fig8b_true-termination.c,YES,True,True,False,True,False,2,50.77
cdaudio_simpl1_false-unreach-call_true-termination.cil.c,YES,True,True,False,True,False,2,22.0
svcomp_fermat-alloca.c,YES,True,True,False,True,False,2,24.14
LeikeHeizmann-TACAS2014-Ex1_true-termination.c,YES,True,True,False,True,False,2,17.62
LeikeHeizmann-TACAS2014-Ex9_true-termination.c,YES,True,True,False,True,False,2,22.93
svcomp_b.15.c,YES,True,True,False,True,False,2,35.9
HeizmannHoenickeLeikePodelski-ATVA2013-Fig5_true-termination.c,YES,True,True,False,True,False,2,23.5
BradleyMannaSipma-ICALP2005-Fig1_true-termination.c,YES,True,True,False,True,False,2,42.31
svcomp_b.01.c,YES,True,True,False,True,False,2,30.32
svcomp_b.09_assume.c,YES,True,True,False,True,False,2,25.55
PodelskiRybalchenko-LICS2004-Fig1_true-termination.c,YES,True,True,False,True,False,2,36.37
AliasDarteFeautrierGonnord-SAS2010-speedpldi4_true-termination.c,YES,True,True,False,True,False,2,17.55
LeikeHeizmann-WST2014-Ex9_true-termination.c,YES,True,True,False,True,False,2,17.82
LeikeHeizmann-TACAS2014-Ex8_true-termination.c,YES,True,True,False,True,False,2,58.87
s3_clnt_1_false-unreach-call.cil.c,YES,True,True,False,True,False,2,96.86
ChawdharyCookGulwaniSagivYang-ESOP2008-aaron4_true-termination.c,YES,True,True,False,True,False,2,137.61
BradleyMannaSipma-CAV2005-Fig1_true-termination.c,YES,True,True,False,True,False,2,20.58
GCD3.c,YES,True,True,False,True,False,2,24.76
ChawdharyCookGulwaniSagivYang-ESOP2008-aaron1_true-termination.c,YES,True,True,False,True,False,2,50.98
svcomp_b.06-alloca.c,YES,True,True,False,True,False,2,31.47
AliasDarteFeautrierGonnord-SAS2010-Fig1_true-termination.c,YES,True,True,False,True,False,2,58.45
svcomp_b.02.c,YES,True,True,False,True,False,2,23.55
svcomp_b.13-alloca.c,YES,True,True,False,True,False,2,29.57
Gothenburg_true-termination.c,YES,True,True,False,True,False,2,30.58
GulavaniGulwani-CAV2008-Fig1c_true-termination.c,YES,True,True,False,True,False,2,22.03
svcomp_cstrspn_true-termination.c,YES,True,True,False,True,False,2,43.78
ChenFlurMukhopadhyay-SAS2012-Ex2.08_true-termination.c,YES,True,True,False,True,False,2,79.82
desc_ll_search_existing.c,YES,True,True,False,True,False,2,19.4
nondet_ll_insert.c,YES,True,True,False,True,False,2,39.94
PastaC7.c,YES,True,True,False,True,False,2,28.79
svcomp_java_Sequence.c,YES,True,True,False,True,False,2,28.5
ChenFlurMukhopadhyay-SAS2012-Fig1_true-termination.c,YES,True,True,False,True,False,2,82.41
Avery-FLOPS2006-Table1_true-termination.c,YES,True,True,False,True,False,2,34.57
svcomp_java_LogBuiltIn-alloca.c,YES,True,True,False,True,False,2,20.11
McCarthyIterative.c,YES,True,True,False,True,False,2,138.2
svcomp_genady_true-alloca.c,YES,True,True,False,True,False,2,20.61
svcomp_b.02-alloca.c,YES,True,True,False,True,False,2,19.2
svcomp_java_BubbleSort_alloca.c,YES,True,True,False,True,False,2,15.43
Thun_true-termination.c,YES,True,True,False,True,False,2,120.95
DivMinus2.c,YES,True,True,False,True,False,2,68.17
svcomp_openbsd_cstrlcpy_alloca.c,YES,True,True,False,True,False,2,57.12
recHanoi01_true-unreach-call_true-termination.c,YES,True,True,False,True,False,2,23.48
TelAviv-Amir-Minimum_true-termination.c,YES,True,True,False,True,False,2,28.81
svcomp_b.11-alloca.c,YES,True,True,False,True,False,2,24.7
SyntaxSupportPointer01_true-termination.c,YES,True,True,False,True,False,2,19.96
LeeJonesBen-Amram-POPL2001-Ex1_true-termination.c,YES,True,True,False,True,False,2,19.13
PastaC9.c,YES,True,True,False,True,False,2,44.71
svcomp_aviad_true-alloca.c,YES,True,True,False,True,False,2,27.63
ChenFlurMukhopadhyay-SAS2012-Ex2.18_true-termination.c,YES,True,True,False,True,False,2,114.03
svcomp_c.08.c,YES,True,True,False,True,False,2,44.34
RecursiveMultiplication_true-termination.c,YES,True,True,False,True,False,2,34.25
PastaC3.c,YES,True,True,False,True,False,2,77.41
svcomp_c.07-alloca.c,YES,True,True,False,True,False,2,75.0
svcomp_b.10-alloca.c,YES,True,True,False,True,False,2,23.82
4NestedWith3Variables_true-termination.c,YES,True,False,False,True,False,2,29.83
svcomp_flag.c,YES,True,True,False,True,False,2,98.74
ChenFlurMukhopadhyay-SAS2012-Ex2.22_true-termination.c,YES,True,True,False,True,False,2,60.76
AliasDarteFeautrierGonnord-SAS2010-while2_true-termination.c,YES,True,True,False,True,False,2,25.1
svcomp_Urban_true-alloca.c,YES,False,False,False,True,False,2,127.34
ChenFlurMukhopadhyay-SAS2012-Ex3.01_true-termination.c,YES,True,True,False,True,False,2,57.91
svcomp_a.05.c,YES,True,True,False,True,False,2,18.93
Arrays03-ValueRestictsIndex_true-termination.c,YES,True,True,False,True,False,2,20.14
svcomp_ex3a-alloca.c,YES,True,True,False,True,False,2,27.11
nondet_ll_search_last_n.c,YES,True,True,False,True,False,2,59.58
svcomp_cstrpbrk_true_alloca.c,YES,True,True,False,True,False,2,24.73
ChenFlurMukhopadhyay-SAS2012-Ex3.03_true-termination.c,YES,True,True,False,True,False,2,122.15
Log.c,YES,True,True,False,True,False,2,43.29
PastaA10.c,YES,True,True,False,True,False,2,21.93
ChenFlurMukhopadhyay-SAS2012-Ex2.01_true-termination.c,YES,True,True,False,True,False,2,44.46
svcomp_b.17-alloca.c,YES,True,True,False,True,False,2,43.5
McCarthy91_Iteration_true-termination.c,YES,True,True,False,True,False,2,64.4
ChenFlurMukhopadhyay-SAS2012-Ex3.04_true-termination.c,YES,True,True,False,True,False,2,70.52
LogAG.c,YES,True,True,False,True,False,2,26.33
svcomp_EvenOdd01_true-unreach-call_true-termination_modified.c,YES,True,True,False,True,False,2,17.7
CookSeeZuleger-TACAS2013-Fig7a_true-termination.c,YES,True,True,False,True,False,2,40.02
IntPath.c,YES,True,True,False,True,False,2,29.71
CookSeeZuleger-TACAS2013-Fig1_true-termination.c,YES,True,True,False,True,False,2,26.14
PastaA1.c,YES,True,True,False,True,False,2,28.58
GulavaniGulwani-CAV2008-Fig1b_true-termination.c,YES,True,True,False,True,False,2,21.3
standard_compare_true-unreach-call_ground.c,YES,True,True,False,True,False,2,18.28
svcomp_substring_alloca.c,YES,True,True,False,True,False,2,34.71
ChenFlurMukhopadhyay-SAS2012-Ex2.07_true-termination.c,YES,True,True,False,True,False,2,45.5
nondet_ll_search_last_zero.c,YES,True,True,False,True,False,2,52.68
svcomp_a.01-alloca.c,YES,True,True,False,True,False,2,30.21
Binomial_true.c,YES,True,True,False,True,False,2,44.52
svcomp_c.01-no-inv.c,YES,True,True,False,True,False,2,49.29
svcomp_java_Break.c,YES,True,True,False,True,False,2,26.62
McCarthy91_Recursion_true-termination.c,YES,True,True,False,True,False,2,36.29
PastaB4.c,YES,True,True,False,True,False,2,35.04
Piecewise_true-termination.c,YES,True,True,False,True,False,2,31.63
HeizmannHoenickeLeikePodelski-ATVA2013-Fig6_true-termination.c,YES,True,True,False,True,False,2,20.49
svcomp_b.03-no-inv_assume-alloca.c,YES,True,True,False,True,False,2,31.46
svcomp_Addition01_true-unreach-call_true-termination_modified.c,YES,True,True,False,True,False,2,24.74
Singapore_true-termination.c,YES,True,True,False,True,False,2,112.84
svcomp_CookSeeZuleger-2013TACAS-Fig7a_true-alloca.c,YES,True,True,False,True,False,2,45.98
svcomp_stroeder1_alloca.c,YES,True,True,False,True,False,2,14.31
Et1.c,YES,True,True,False,True,False,2,78.56
svcomp_a.08-alloca.c,YES,True,True,False,True,False,2,23.49
standard_copy7_true-unreach-call_ground.c,YES,True,True,False,True,False,2,50.23
svcomp_ex1.c,YES,True,True,False,True,False,2,18.25
LeeJonesBen-Amram-POPL2001-Ex4_true-termination.c,YES,True,True,False,True,False,2,34.69
svcomp_b.05-alloca.c,YES,True,True,False,True,False,2,25.53
Et2_true.c,YES,True,True,False,True,False,2,34.87
AliasDarteFeautrierGonnord-SAS2010-speedFails4_true-termination.c,YES,True,True,False,True,False,2,12.47
Copenhagen_disj_true-termination.c,YES,True,True,False,True,False,2,53.2
svcomp_cstrcmp_true_alloca.c,YES,True,True,False,True,False,2,44.21
svcomp_MultCommutative_true-unreach-call_true-termination_modified.c,YES,True,True,False,True,False,2,50.95
svcomp_CookSeeZuleger-2013TACAS-Fig3_true-alloca.c,YES,True,True,False,True,False,2,46.59
svcomp_easySum.c,YES,True,True,False,True,False,2,16.48
majority-noarray_true-termination.c,YES,True,False,False,True,False,2,43.16
PodelskiRybalchenko-LICS2004-Fig2_true-termination.c,YES,True,True,False,True,False,2,83.42
McCarthy91_false-unreach-call_false-termination.c,YES,True,True,False,True,False,2,40.89
ChenFlurMukhopadhyay-SAS2012-Ex2.09_true-termination.c,YES,True,True,False,True,False,2,95.66
svcomp_b.04.c,YES,True,True,False,True,False,2,31.84
GopanReps-CAV2006-Fig1a_true-termination.c.c,YES,True,True,False,True,False,2,30.96
svcomp_gcd01_true-unreach-call_true-termination_modified.c,YES,True,True,False,True,False,2,10.16
PastaC2.c,YES,True,True,False,True,False,2,38.37
svcomp_ex2.c,YES,True,True,False,True,False,2,42.04
GulavaniGulwani-CAV2008-Fig1a_true-termination.c,YES,True,True,False,True,False,2,51.27
svcomp_openbsd_cstrlen_alloca.c,YES,True,True,False,True,False,2,31.44
gcd1_true-termination.c,YES,True,True,False,True,False,2,36.71
svcomp_ex3a.c,YES,True,True,False,True,False,2,33.35
HeizmannHoenickeLeikePodelski-ATVA2013-Fig9_true-termination.c,YES,True,True,False,True,False,2,25.13
svcomp_Toulouse-MultiBranchesToLoop_true-alloca.c,YES,True,True,False,True,False,2,31.02
PastaA7.c,YES,True,True,False,True,False,2,21.29
svcomp_b.15-alloca.c,YES,True,True,False,True,False,2,42.52
svcomp_java_LogBuiltIn.c,YES,True,True,False,True,False,2,26.95
svcomp_b.03_assume-alloca.c,YES,True,True,False,True,False,2,40.58
Addition01_true-unreach-call_true-termination.c,YES,True,True,False,True,False,2,22.18
svcomp_NoriSharma-2013FSE-Fig7_true-alloca.c,YES,True,True,False,True,False,2,46.78
nondet_ll_traverse.c,YES,True,True,False,True,False,2,30.03
Benghazi_true-termination.c,YES,True,True,False,True,False,2,71.81
AliasDarteFeautrierGonnord-SAS2010-counterex1a_true-termination.c,YES,True,True,False,True,False,2,111.52
rec_strlen.c,YES,True,True,False,True,False,2,38.76
svcomp_cstrcmp_true-termination.c,YES,True,True,False,True,False,2,43.17
svcomp_stroeder2_alloca.c,YES,True,True,False,True,False,2,43.41
svcomp_Urban-2013WST-Fig2-modified1000_true-alloca.c,YES,True,True,False,True,False,2,26.28
nondet_ll_delete.c,YES,True,True,False,True,False,2,34.28
Waldkirch_true-termination.c,YES,True,True,False,True,False,2,18.04
easy2_true-termination.c,YES,True,True,False,True,False,2,17.56
svcomp_openbsd_cmemset_alloca.c,YES,True,True,False,True,False,2,17.22
Sequence.c,YES,True,True,False,True,False,2,20.58
HeizmannHoenickeLeikePodelski-ATVA2013-Fig4_true-termination.c,YES,True,True,False,True,False,2,18.17
aaron3_true-termination.c,YES,True,True,False,True,False,2,145.15
AliasDarteFeautrierGonnord-SAS2010-Fig2b_true-termination.c,YES,True,True,False,True,False,2,107.26
svcomp_openbsd_cstpncpy_alloca.c,YES,True,True,False,True,False,2,24.02
svcomp_c.02.c,YES,True,True,False,True,False,2,39.07
floppy_simpl3_false-unreach-call_true-termination.cil.c,YES,True,True,False,True,False,2,42.84
LeUserDefRec_true.c,YES,True,True,False,True,False,2,29.04
svcomp_b.12.c,YES,True,True,False,True,False,2,41.31
Avg_true.c,YES,True,True,False,True,False,2,45.18
svcomp_java_AG313.c,YES,True,True,False,True,False,2,22.76
MenloPark_true-termination.c,YES,True,True,False,True,False,2,106.81
AliasDarteFeautrierGonnord-SAS2010-cousot9_true-termination.c,YES,True,True,False,True,False,2,38.58
svcomp_recHanoi02_true-unreach-call_true-termination_modified.c,YES,True,True,False,True,False,2,19.24
ex2.c,YES,True,True,False,True,False,2,42.09
nondet_ll_skip.c,YES,True,True,False,True,False,2,54.53
Bangalore_v4_true-termination.c,YES,True,True,False,True,False,2,24.5
nondet_ll_init.c,YES,True,True,False,True,False,2,50.16
Ackermann_true-termination.c,YES,True,True,False,True,False,2,28.44
svcomp_a.05-alloca.c,YES,True,True,False,True,False,2,22.5
Stockholm_true-termination.c,YES,True,True,False,True,False,2,10.91
WhileDecr.c,YES,True,True,False,True,False,2,10.64
svcomp_b.12-alloca.c,YES,True,True,False,True,False,2,52.94
HeizmannHoenickeLeikePodelski-ATVA2013-Fig1_true-termination.c,YES,True,True,False,True,False,2,33.4
PodelskiRybalchenko-VMCAI2004-Ex2_true-termination.c,YES,True,True,False,True,False,2,91.27
CookSeeZuleger-TACAS2013-Fig8a-modified_true-termination.c,YES,True,True,False,True,False,2,20.4
GCD4.c,YES,True,True,False,True,False,2,41.3
svcomp_gcd1_true-alloca.c,YES,True,True,False,True,False,2,24.22
BrockschmidtCookFuhs-CAV2013-Fig1_true-termination.c,YES,True,True,False,True,False,2,38.88
PlusSwap.c,YES,True,True,False,True,False,2,44.19
desc_ll_with_offset_search.c,YES,True,True,False,True,False,2,26.85
Copenhagen_true-termination.c,YES,True,True,False,True,False,2,23.7
ChenCookFuhsNimkarOHearn-TACAS2014-Introduction_false-termination.c,NO,True,False,False,False,False,2,19.84
MirrorIntervSim.c,NO,True,False,False,False,False,2,25.39
HarrisLalNoriRajamani-SAS2010-Fig2_false-termination.c,NO,True,False,False,False,False,2,18.52
svcomp_Velroyen_false-unreach-label-termination-alloca.c,NO,True,False,False,False,False,2,25.83
BradleyMannaSipma-CAV2005-Fig1-modified_false-termination.c,NO,True,False,False,False,False,2,18.48
Division_false-termination.c,NO,True,False,False,False,False,2,17.49
pals_lcr-var-start-time.6_false-unreach-call.1.ufo.BOUNDED-12.pals.c,NO,True,True,False,False,False,2,26.12
NO_10.c,NO,True,False,False,False,False,2,10.07
s3_srvr_1_false-unreach-call.cil.c,NO,True,True,False,False,False,2,105.5
Middle.c,NO,True,False,False,False,False,2,18.91
Rotation180_false-termination.c,NO,True,False,False,False,False,2,9.0
NO_23.c,NO,True,False,False,False,False,2,13.92
test_locks_15_true-unreach-call_false-termination.c,NO,True,False,False,False,False,2,11.62
Ackermann_false-termination.c,NO,True,False,False,False,False,2,27.3
NonTerminationSimple4_false-termination.c,NO,True,False,False,False,False,2,23.16
TwoFloatInterv.c,NO,True,False,False,False,False,2,19.68
svcomp_PodelskiRybalchenko-2004VMCAI-Ex2_true-alloca.c,NO,True,False,False,False,False,2,17.38
NonTermination2_false-termination.c,NO,True,False,False,False,False,2,17.54
ChenFlurMukhopadhyay-SAS2012-Ex2.12_false-termination.c,NO,True,False,False,False,False,2,16.16
NO_01.c,NO,True,False,False,False,False,2,10.92
ChenFlurMukhopadhyay-SAS2012-Ex2.02_false-termination.c,NO,True,False,False,False,False,2,24.28
ConvLower.c,NO,True,False,False,False,False,2,20.48
Fibonacci.c,NO,True,False,False,False,False,2,16.36
Gauss.c,NO,True,False,False,False,False,2,16.5
LeikeHeizmann-WST2014-Ex5_false-termination.c,NO,True,False,False,False,False,2,28.96
NestedRecursion_2a_false-termination.c,NO,True,False,False,False,False,2,21.15
NO_13.c,NO,True,False,False,False,False,2,26.46
WhileNested.c,NO,True,False,False,False,False,2,29.24
NO_24.c,NO,True,False,False,False,False,2,19.82
Flip.c,NO,True,False,False,False,False,2,14.68
Velroyen_false-termination.c,NO,True,False,False,False,False,2,25.01
ChenFlurMukhopadhyay-SAS2012-Ex3.02_false-termination.c,NO,True,False,False,False,False,2,46.91
pals_STARTPALS_Triplicated_false-unreach-call.1.ufo.BOUNDED-10.pals.c,NO,True,True,False,False,False,2,20.37
NonTerminationSimple3_false-termination.c,NO,True,False,False,False,False,2,16.58
Choose.c,NO,True,False,False,False,False,2,23.31
Singapore_plus_false-termination.c,NO,True,False,False,False,False,2,26.22
NonTerminationSimple2_false-termination.c,NO,True,False,False,False,False,2,9.31
2Nested_false-termination.c,NO,True,False,False,False,False,2,26.4
Marbie2.c,NO,True,False,False,False,False,2,16.87
mem_slave_tlm.1_true-unreach-call_false-termination.cil.c,NO,True,False,False,False,False,2,19.92
Bangalore_v3_false-termination.c,NO,True,False,False,False,False,2,40.38
ComplInterv2.c,NO,True,False,False,False,False,2,18.34
Mysore_false-termination.c,NO,True,False,False,False,False,2,42.79
Problem02_label00_true-unreach-call.c,NO,True,False,False,False,False,2,34.74
GCD2.c,NO,True,True,False,False,False,2,43.43
Ex05.c,NO,True,False,False,False,False,2,8.39
WhileNestedOffset.c,NO,True,False,False,False,False,2,13.11
WhileSingle.c,NO,True,False,False,False,False,2,18.23
pals_opt-floodmax.3_false-unreach-call.1.ufo.BOUNDED-6.pals.c,NO,True,True,False,False,False,2,18.56
Narrowing.c,NO,True,False,False,False,False,2,31.77
Swingers.c,NO,True,False,False,False,False,2,12.94
NestedRecursion_1a_false-termination.c,NO,True,False,False,False,False,2,31.07
stateful_check_false-unreach-call.c,NO,True,False,False,False,False,2,22.54
Flip2.c,NO,True,False,False,False,False,2,24.1
WhileIncr.c,NO,True,False,False,False,False,2,33.73
pals_lcr.3_false-unreach-call.1.ufo.BOUNDED-6.pals.c,NO,True,True,False,False,False,2,25.14
ChooseLife.c,NO,True,False,False,False,False,2,19.78
svcomp_Urban-2013WST-Fig1_false-unreach-label-termination-alloca.c,NO,True,False,False,False,False,2,16.85
svcomp_BradleyMannaSipma-2005ICALP-Fig1_true-alloca.c,NO,True,True,False,False,False,2,14.65
UpAndDown.c,NO,True,False,False,False,False,2,22.58
NO_00.c,NO,True,False,False,False,False,2,9.24
Ex07.c,NO,True,False,False,False,False,2,8.98
TrueDiv.c,NO,True,False,False,False,False,2,12.09
NO_02.c,NO,True,False,False,False,False,2,13.63
minepump_spec1_product01_true-unreach-call.cil.c,NO,True,False,False,False,False,2,28.01
UpAndDownIneq.c,NO,True,False,False,False,False,2,19.63
Hanoi_3vars_false-termination.c,NO,True,False,False,False,False,2,25.08
NO_04.c,NO,True,False,False,False,False,2,14.92
Bangalore_v2_false-termination.c,NO,True,False,False,False,False,2,21.26
Ex08.c,NO,True,False,False,False,False,2,18.88
WhilePart.c,NO,True,False,False,False,False,2,13.83
NO_03.c,NO,True,False,False,False,False,2,13.5
Hanoi_2vars_false-termination.c,NO,True,False,False,False,False,2,22.32
Marbie1.c,NO,True,False,False,False,False,2,15.72
ChenFlurMukhopadhyay-SAS2012-Ex2.03_false-termination.c,NO,True,False,False,False,False,2,10.43
Even.c,NO,True,False,False,False,False,2,20.74
pals_lcr.8_false-unreach-call.1.ufo.BOUNDED-16.pals.c,NO,True,True,False,False,False,2,14.09
svcomp_BradleyMannaSipma-2005CAV-Fig1-modified_false-termination.c,NO,True,False,False,False,False,2,9.62
RecursiveNonterminating_false-termination.c,NO,True,False,False,False,False,2,44.52
Urban-WST2013-Fig1_false-termination.c,NO,True,False,False,False,False,2,16.43
ChenFlurMukhopadhyay-SAS2012-Ex2.17_false-termination.c,NO,True,False,False,False,False,2,17.53
Et4.c,NO,True,False,False,False,False,2,16.52
token_ring.01_false-unreach-call_false-termination.cil.c,NO,True,False,False,False,False,2,57.06
Sunset.c,NO,True,False,False,False,False,2,50.48
Primes_true-unreach-call.c,NO,False,False,False,False,False,2,36.73
Singapore_v1_false-termination.c,NO,True,False,False,False,False,2,35.92
Lcm.c,NO,True,False,False,False,False,2,39.11
AlternDivWide.c,NO,True,False,False,False,False,2,17.5
svcomp_HarrisLalNoriRajamani-2010SAS-Fig2_false-unreach-label-termination-alloca.c,NO,True,False,False,False,False,2,22.19
WhileTrue_false-termination.c,NO,True,False,False,False,False,2,7.46
pals_STARTPALS_ActiveStandby_false-unreach-call.1.ufo.BOUNDED-10.pals.c,NO,True,True,False,False,False,2,15.74
NonTerminationSimple6_false-termination.c,NO,True,False,False,False,False,2,10.64
Madrid_false-termination.c,NO,True,False,False,False,False,2,9.8
HenzingerJhalaMajumdarSutre-POPL2002-LockingExample_false-termination.c,NO,True,False,False,False,False,2,28.62
Loop.c,NO,True,False,False,False,False,2,8.53
Ex01.c,NO,True,False,False,False,False,2,12.46
ChenFlurMukhopadhyay-SAS2012-Ex2.14_false-termination.c,NO,True,False,False,False,False,2,20.11
pals_floodmax.3_false-unreach-call.1.ufo.BOUNDED-6.pals.c,NO,True,True,False,False,False,2,19.8
token_ring.05_false-unreach-call_false-termination.cil.c,NO,True,False,False,False,False,2,37.42
NonTerminationSimple7_false-termination.c,NO,True,False,False,False,False,2,9.12
NO_12.c,NO,True,False,False,False,False,2,25.85
transmitter.01_false-unreach-call_false-termination.cil.c,NO,True,False,False,False,False,2,18.31
Cairo_step2_false-termination.c,NO,True,False,False,False,False,2,17.37
Binary_Search_true-termination.c,NO,True,True,False,False,False,2,19.08
LeikeHeizmann-WST2014-Ex6_false-termination.c,NO,True,False,False,False,False,2,15.22
bist_cell_true-unreach-call_false-termination.cil.c,NO,True,False,False,False,False,2,27.08
ChenFlurMukhopadhyay-SAS2012-Ex3.06_false-termination.c,NO,True,False,False,False,False,2,22.51
Ex04.c,NO,True,False,False,False,False,2,16.89
Arrays02-EquivalentConstantIndices_false-termination.c,NO,True,False,False,False,False,2,19.84
NO_22.c,NO,True,False,False,False,False,2,14.72
Et2.c,NO,True,False,False,False,False,2,16.07
ChenFlurMukhopadhyay-SAS2012-Ex2.04_false-termination.c,NO,True,False,False,False,False,2,13.66
sum_non_eq_false-unreach-call.c,NO,True,False,False,False,False,2,17.24
Cairo_nondet_false-termination.c,NO,True,False,False,False,False,2,18.52
Ex06.c,NO,True,False,False,False,False,2,14.96
Ex02.c,NO,True,False,False,False,False,2,13.01
NestedRecursion_2b_false-termination.c,NO,True,False,False,False,False,2,21.57
NonTerminationSimple5_false-termination.c,NO,True,False,False,False,False,2,17.67
DivWithoutMinus.c,NO,True,False,False,False,False,2,23.63
Hanoi_plus_false-termination.c,NO,True,False,False,False,False,2,28.66
joey_false-termination.c,NO,True,False,False,False,False,2,27.25
ChenFlurMukhopadhyay-SAS2012-Ex2.05_false-termination.c,NO,True,False,False,False,False,2,15.88
Cousot.c,NO,True,False,False,False,False,2,7.91
PastaC10.c,NO,True,False,False,False,False,2,15.38
Singapore_v2_false-termination.c,NO,True,False,False,False,False,2,40.64
NonTerminationSimple8_false-termination.c,NO,True,False,False,False,False,2,23.78
MirrorInterv.c,NO,True,False,False,False,False,2,20.46
Ex03.c,NO,True,False,False,False,False,2,19.87
MutualRecursion_1a_false-termination.c,NO,True,False,False,False,False,2,22.6
NO_21.c,NO,True,False,False,False,False,2,10.74
GCD.c,NO,True,True,False,False,False,2,68.7
NonTermination4_false-termination.c,NO,True,False,False,False,False,2,17.44
WhileIncrPart.c,NO,True,False,False,False,False,2,14.48
ChenFlurMukhopadhyay-SAS2012-Ex2.15_false-termination.c,NO,True,False,False,False,False,2,14.07
Bangalore_false-termination.c,NO,True,False,False,False,False,2,19.64
s3_srvr_14_false-unreach-call.cil.c,NO,False,False,False,False,False,2,91.5
NarrowKonv.c,NO,True,False,False,False,False,2,23.12
transmitter.06_false-unreach-call_false-termination.cil.c,NO,True,False,False,False,False,2,25.95
AlternKonv.c,NO,True,False,False,False,False,2,25.11
pc_sfifo_1_false-unreach-call_false-termination.cil.c,NO,False,False,False,False,False,2,45.44
AlternDivWidening.c,NO,True,False,False,False,False,2,38.45
ComplInterv3.c,NO,True,False,False,False,False,2,14.02
pals_lcr-var-start-time.3_false-unreach-call.1.ufo.BOUNDED-6.pals.c,NO,True,True,False,False,False,2,27.61
AlternDiv.c,NO,True,False,False,False,False,2,26.25
NonTermination1_false-termination.c,NO,True,False,False,False,False,2,14.17
NonTerminationSimple9_false-termination.c,NO,True,False,False,False,False,2,12.76
ComplxStruc.c,NO,True,False,False,False,False,2,47.19
WhileTrue.c,NO,True,False,False,False,False,2,9.65
id2_b2_o3_true-unreach-call.c,NO,True,False,False,False,False,2,14.59
